,imdb_id,genre,runtime,release_date,num_cast,num_directors,num_writers,num_producers,num_productionmanagers,num_stunts,num_productioncompanies,num_distributers,imdb_rating,budget,release_month,genres,Action,Adventure,Animation,Comedy,Crime,Drama,Family,Fantasy,History,Horror,Music,Mystery,Romance,Science Fiction,Thriller,War,Western
1,tt6155172,"[""'Drama'""]",135,2018-08-25,21,1,1,10,4,16,2,11,8.1,248120,8,['Drama'],0,0,0,0,0,1,0,0,0,0,0,0,0,0,0,0,0
2,tt1477834,"[""'Action'"", "" 'Fantasy'"", "" 'Science Fiction'"", "" 'Adventure'""]",143,2018-12-07,85,1,6,10,13,71,6,21,7.5,160000000,12,"['Action', 'Fantasy', 'Science Fiction', 'Adventure']",1,1,0,0,0,0,0,1,0,0,0,0,0,1,0,0,0
3,tt4881806,"[""'Action'"", "" 'Adventure'"", "" 'Science Fiction'""]",129,2018-06-06,104,1,3,7,9,114,4,48,6.2,170000000,6,"['Action', 'Adventure', 'Science Fiction']",1,1,0,0,0,0,0,0,0,0,0,0,0,1,0,0,0
4,tt1270797,"[""'Science Fiction'"", "" 'Action'""]",112,2018-09-28,123,1,5,9,4,121,7,27,6.8,100000000,9,"['Science Fiction', 'Action']",1,0,0,0,0,0,0,0,0,0,0,0,0,1,0,0,0
5,tt2557478,"[""'Action'"", "" 'Fantasy'"", "" 'Science Fiction'"", "" 'Adventure'""]",111,2018-03-21,82,1,5,14,13,90,10,35,5.6,150000000,3,"['Action', 'Fantasy', 'Science Fiction', 'Adventure']",1,1,0,0,0,0,0,1,0,0,0,0,0,1,0,0,0
6,tt1517451,"[""'Drama'"", "" 'Music'"", "" 'Romance'""]",135,2018-10-03,127,1,9,15,8,66,7,16,8.0,36000000,10,"['Drama', 'Music', 'Romance']",0,0,0,0,0,1,0,0,0,0,1,0,1,0,0,0,0
7,tt4154756,"[""'Adventure'"", "" 'Action'"", "" 'Fantasy'""]",149,2018-04-25,103,2,12,14,19,182,3,44,8.5,321000000,4,"['Adventure', 'Action', 'Fantasy']",1,1,0,0,0,0,0,1,0,0,0,0,0,0,0,0,0
8,tt5814060,"[""'Horror'"", "" 'Mystery'"", "" 'Thriller'""]",96,2018-09-05,51,1,2,9,4,33,3,18,5.4,22000000,9,"['Horror', 'Mystery', 'Thriller']",0,0,0,0,0,0,0,0,0,1,0,1,0,0,1,0,0
9,tt7784604,"[""'Horror'"", "" 'Mystery'"", "" 'Thriller'""]",127,2018-06-04,32,1,1,13,2,8,1,25,7.3,10000000,6,"['Horror', 'Mystery', 'Thriller']",0,0,0,0,0,0,0,0,0,1,0,1,0,0,1,0,0
10,tt5104604,"[""'Adventure'"", "" 'Comedy'"", "" 'Animation'""]",101,2018-03-23,49,1,4,13,17,2,4,1,7.9,1620294,3,"['Adventure', 'Comedy', 'Animation']",0,1,1,1,0,0,0,0,0,0,0,0,0,0,0,0,0
11,tt3606756,"[""'Action'"", "" 'Adventure'"", "" 'Animation'"", "" 'Family'""]",118,2018-06-14,24,1,1,3,115,36,2,26,7.8,200000000,6,"['Action', 'Adventure', 'Animation', 'Family']",1,1,1,0,0,0,1,0,0,0,0,0,0,0,0,0,0
14,tt3766354,"[""'Thriller'"", "" 'Action'"", "" 'Crime'""]",122,2018-07-19,110,1,3,13,1,28,7,19,6.8,62000000,7,"['Thriller', 'Action', 'Crime']",1,0,0,0,1,0,0,0,0,0,0,0,0,0,1,0,0
15,tt1502407,"[""'Thriller'"", "" 'Horror'""]",106,2018-10-18,63,1,5,18,2,10,6,1,6.8,10000000,10,"['Thriller', 'Horror']",0,0,0,0,0,0,0,0,0,1,0,0,0,0,1,0,0
16,tt1727824,"[""'Drama'"", "" 'Music'""]",135,2018-10-24,115,1,2,12,6,10,5,21,8.3,52000000,10,"['Drama', 'Music']",0,0,0,0,0,1,0,0,0,0,1,0,0,0,0,0,0
17,tt1677720,"[""'Adventure'"", "" 'Science Fiction'""]",140,2018-03-28,160,1,2,11,15,67,7,26,7.5,175000000,3,"['Adventure', 'Science Fiction']",0,1,0,0,0,0,0,0,0,0,0,0,0,1,0,0,0
18,tt2854926,"[""'Comedy'"", "" 'Drama'""]",100,2018-05-30,74,1,3,7,4,27,2,8,6.6,28000000,5,"['Comedy', 'Drama']",0,0,0,1,0,1,0,0,0,0,0,0,0,0,0,0,0
19,tt3778644,"[""'Action'"", "" 'Adventure'"", "" 'Science Fiction'""]",135,2018-05-15,93,1,3,16,18,112,4,39,7.0,300000000,5,"['Action', 'Adventure', 'Science Fiction']",1,1,0,0,0,0,0,0,0,0,0,0,0,1,0,0,0
20,tt5095030,"[""'Action'"", "" 'Adventure'"", "" 'Science Fiction'"", "" 'Comedy'"", "" 'Family'""]",119,2018-07-04,177,1,8,10,8,145,1,39,7.1,162000000,7,"['Action', 'Adventure', 'Science Fiction', 'Comedy', 'Family']",1,1,0,1,0,0,1,0,0,0,0,0,0,1,0,0,0
21,tt3104988,"[""'Comedy'"", "" 'Drama'"", "" 'Romance'""]",121,2018-08-15,66,1,3,14,4,5,3,12,7.0,30000000,8,"['Comedy', 'Drama', 'Romance']",0,0,0,1,0,1,0,0,0,0,0,0,1,0,0,0,0
22,tt1259528,"[""'Action'"", "" 'Thriller'"", "" 'Crime'""]",140,2018-01-18,111,1,2,20,4,72,4,1,7.0,30000000,1,"['Action', 'Thriller', 'Crime']",1,0,0,0,1,0,0,0,0,0,0,0,0,0,1,0,0
23,tt2704998,"[""'Mystery'"", "" 'Comedy'"", "" 'Crime'"", "" 'Thriller'""]",101,2018-02-22,65,2,1,10,3,30,6,18,7.0,37000000,2,"['Mystery', 'Comedy', 'Crime', 'Thriller']",0,0,0,1,1,0,0,0,0,0,0,1,0,0,1,0,0
24,tt4633694,"[""'Action'"", "" 'Adventure'"", "" 'Animation'"", "" 'Science Fiction'"", "" 'Comedy'""]",117,2018-12-07,74,3,19,10,275,32,7,29,8.7,90000000,12,"['Action', 'Adventure', 'Animation', 'Science Fiction', 'Comedy']",1,1,1,1,0,0,0,0,0,0,0,0,0,1,0,0,0
25,tt1590193,"[""'Action'"", "" 'Thriller'""]",104,2018-01-11,78,1,3,9,3,42,8,1,6.3,30000000,1,"['Action', 'Thriller']",1,0,0,0,0,0,0,0,0,0,0,0,0,0,1,0,0
26,tt5052474,"[""'Action'"", "" 'Crime'"", "" 'Drama'"", "" 'Thriller'""]",123,2018-06-27,106,1,1,11,3,55,3,49,7.1,35000000,6,"['Action', 'Crime', 'Drama', 'Thriller']",1,0,0,0,1,1,0,0,0,0,0,0,0,0,1,0,0
27,tt7040874,"[""'Thriller'"", "" 'Crime'"", "" 'Mystery'"", "" 'Comedy'"", "" 'Drama'""]",117,2018-08-29,63,1,2,5,5,9,3,22,6.9,20000000,8,"['Thriller', 'Crime', 'Mystery', 'Comedy', 'Drama']",0,0,0,1,1,1,0,0,0,0,0,1,0,0,1,0,0
28,tt4123430,"[""'Family'"", "" 'Fantasy'"", "" 'Adventure'""]",134,2018-11-14,149,1,1,10,6,61,2,16,6.8,200000000,11,"['Family', 'Fantasy', 'Adventure']",0,1,0,0,0,0,1,1,0,0,0,0,0,0,0,0,0
29,tt7668870,"[""'Drama'"", "" 'Thriller'"", "" 'Mystery'""]",103,2018-08-24,46,1,2,9,1,13,3,39,7.7,388769,8,"['Drama', 'Thriller', 'Mystery']",0,0,0,0,0,1,0,0,0,0,0,1,0,0,1,0,0
31,tt1213641,"[""'History'"", "" 'Drama'""]",141,2018-10-11,158,1,2,10,7,21,7,23,7.5,59000000,10,"['History', 'Drama']",0,0,0,0,0,1,0,0,1,0,0,0,0,0,0,0,0
32,tt2873282,"[""'Mystery'"", "" 'Thriller'""]",140,2018-02-28,79,1,2,10,6,37,5,20,6.6,69000000,2,"['Mystery', 'Thriller']",0,0,0,0,0,0,0,0,0,0,0,1,0,0,1,0,0
33,tt4912910,"[""'Action'"", "" 'Thriller'"", "" 'Adventure'""]",148,2018-07-13,96,1,2,10,23,140,8,47,7.8,178000000,7,"['Action', 'Thriller', 'Adventure']",1,1,0,0,0,0,0,0,0,0,0,0,0,0,1,0,0
34,tt2231461,"[""'Action'"", "" 'Adventure'"", "" 'Science Fiction'"", "" 'Fantasy'""]",107,2018-04-12,118,1,4,16,15,144,6,28,6.1,120000000,4,"['Action', 'Adventure', 'Science Fiction', 'Fantasy']",1,1,0,0,0,0,0,1,0,0,0,0,0,1,0,0,0
35,tt4500922,"[""'Action'"", "" 'Mystery'"", "" 'Science Fiction'"", "" 'Thriller'"", "" 'Adventure'"", "" 'Fantasy'""]",144,2018-01-10,41,1,2,13,11,48,3,20,6.2,62000000,1,"['Action', 'Mystery', 'Science Fiction', 'Thriller', 'Adventure', 'Fantasy']",1,1,0,0,0,0,0,1,0,0,0,1,0,1,1,0,0
36,tt5463162,"[""'Action'"", "" 'Comedy'"", "" 'Adventure'""]",121,2018-05-15,69,1,5,10,8,111,6,21,7.8,110000000,5,"['Action', 'Comedy', 'Adventure']",1,1,0,1,0,0,0,0,0,0,0,0,0,0,0,0,0
37,tt4779682,"[""'Action'"", "" 'Science Fiction'"", "" 'Thriller'"", "" 'Horror'""]",113,2018-08-09,39,1,4,18,5,100,5,19,5.7,130000000,8,"['Action', 'Science Fiction', 'Thriller', 'Horror']",1,0,0,0,0,0,0,0,0,1,0,0,0,1,1,0,0
38,tt6499752,"[""'Action'"", "" 'Thriller'"", "" 'Science Fiction'"", "" 'Horror'""]",100,2018-06-01,34,1,1,13,1,23,2,7,7.6,5000000,6,"['Action', 'Thriller', 'Science Fiction', 'Horror']",1,0,0,0,0,0,0,0,0,1,0,0,0,1,1,0,0
39,tt6628394,"[""'Thriller'"", "" 'Crime'"", "" 'Mystery'"", "" 'Drama'""]",142,2018-10-04,39,1,1,5,2,39,3,17,7.2,32000000,10,"['Thriller', 'Crime', 'Mystery', 'Drama']",0,0,0,0,1,1,0,0,0,0,0,1,0,0,1,0,0
41,tt5164432,"[""'Comedy'"", "" 'Drama'"", "" 'Romance'""]",110,2018-02-16,105,1,3,7,4,47,4,20,7.7,17000000,2,"['Comedy', 'Drama', 'Romance']",0,0,0,1,0,1,0,0,0,0,0,0,1,0,0,0,0
42,tt2798920,"[""'Mystery'"", "" 'Science Fiction'"", "" 'Thriller'"", "" 'Horror'"", "" 'Adventure'""]",115,2018-02-22,28,1,2,9,2,15,4,6,6.9,40000000,2,"['Mystery', 'Science Fiction', 'Thriller', 'Horror', 'Adventure']",0,1,0,0,0,0,0,0,0,1,0,1,0,1,1,0,0
43,tt5164214,"[""'Crime'"", "" 'Comedy'"", "" 'Action'"", "" 'Thriller'""]",111,2018-06-07,237,1,4,9,5,55,4,23,6.2,70000000,6,"['Crime', 'Comedy', 'Action', 'Thriller']",1,0,0,1,1,0,0,0,0,0,0,0,0,0,1,0,0
44,tt2548396,"[""'Mystery'"", "" 'Thriller'"", "" 'Horror'"", "" 'Science Fiction'""]",102,2018-02-04,20,1,2,10,5,17,2,1,5.6,26000000,2,"['Mystery', 'Thriller', 'Horror', 'Science Fiction']",0,0,0,0,0,0,0,0,0,1,0,1,0,1,1,0,0
45,tt3829266,"[""'Science Fiction'"", "" 'Action'"", "" 'Thriller'"", "" 'Adventure'"", "" 'Horror'""]",107,2018-09-05,64,1,4,5,4,82,5,20,5.4,88000000,9,"['Science Fiction', 'Action', 'Thriller', 'Adventure', 'Horror']",1,1,0,0,0,0,0,0,0,1,0,0,0,1,1,0,0
46,tt5758778,"[""'Action'""]",102,2018-07-11,64,1,1,10,13,74,4,45,5.9,125000000,7,['Action'],1,0,0,0,0,0,0,0,0,0,0,0,0,0,0,0,0
47,tt1825683,"[""'Action'"", "" 'Adventure'"", "" 'Fantasy'"", "" 'Science Fiction'""]",134,2018-02-13,135,1,4,9,15,173,6,41,7.4,200000000,2,"['Action', 'Adventure', 'Fantasy', 'Science Fiction']",1,1,0,0,0,0,0,1,0,0,0,0,0,1,0,0,0
48,tt1365519,"[""'Action'"", "" 'Adventure'"", "" 'Fantasy'""]",118,2018-03-05,62,1,5,5,9,71,4,43,6.3,94000000,3,"['Action', 'Adventure', 'Fantasy']",1,1,0,0,0,0,0,1,0,0,0,0,0,0,0,0,0
49,tt7349662,"[""'Crime'"", "" 'Drama'""]",135,2018-07-30,53,1,5,13,5,7,6,28,7.6,15000000,7,"['Crime', 'Drama']",0,0,0,0,1,1,0,0,0,0,0,0,0,0,0,0,0
50,tt1413492,"[""'War'"", "" 'Drama'"", "" 'History'""]",130,2018-01-16,76,1,3,18,3,31,5,1,6.6,15815025,1,"['War', 'Drama', 'History']",0,0,0,0,0,1,0,0,1,0,0,0,0,0,0,1,0
51,tt5688932,"[""'Fantasy'"", "" 'Science Fiction'"", "" 'Comedy'""]",105,2018-07-06,85,1,1,16,2,11,5,8,7.0,727266,7,"['Fantasy', 'Science Fiction', 'Comedy']",0,0,0,1,0,0,0,1,0,0,0,0,0,1,0,0,0
52,tt5246700,"[""'Science Fiction'"", "" 'Thriller'"", "" 'Mystery'""]",113,2018-07-13,44,1,1,13,4,6,2,3,5.0,20000000,7,"['Science Fiction', 'Thriller', 'Mystery']",0,0,0,0,0,0,0,0,0,0,0,1,0,1,1,0,0
53,tt5610554,"[""'Comedy'"", "" 'Drama'""]",96,2018-05-04,34,1,1,20,6,28,4,1,7.0,3282610,5,"['Comedy', 'Drama']",0,0,0,1,0,1,0,0,0,0,0,0,0,0,0,0,0
55,tt5848272,"[""'Family'"", "" 'Animation'"", "" 'Comedy'"", "" 'Fantasy'""]",112,2018-11-20,81,2,6,5,96,58,2,18,7.3,175000000,11,"['Family', 'Animation', 'Comedy', 'Fantasy']",0,0,1,1,0,0,1,1,0,0,0,0,0,0,0,0,0
56,tt7153766,"[""'Horror'"", "" 'Thriller'""]",99,2018-02-21,34,1,2,7,3,5,3,12,6.4,1500000,2,"['Horror', 'Thriller']",0,0,0,0,0,0,0,0,0,1,0,0,0,0,1,0,0
57,tt6911608,"[""'Comedy'"", "" 'Romance'""]",113,2018-07-09,242,1,5,17,7,15,8,16,6.8,75000000,7,"['Comedy', 'Romance']",0,0,0,1,0,0,0,0,0,0,0,0,1,0,0,0,0
58,tt6212478,"[""'Drama'"", "" 'Crime'""]",117,2018-06-01,85,1,1,23,5,10,3,2,7.0,134793,6,"['Drama', 'Crime']",0,0,0,0,1,1,0,0,0,0,0,0,0,0,0,0,0
59,tt5397194,"[""'Science Fiction'"", "" 'Thriller'""]",100,2018-05-03,53,1,1,14,4,6,3,2,6.1,20000000,5,"['Science Fiction', 'Thriller']",0,0,0,0,0,0,0,0,0,0,0,0,0,1,1,0,0
60,tt0795421,"[""'Comedy'"", "" 'Romance'""]",108,2008-07-02,76,1,1,7,9,21,5,24,6.4,52000000,7,"['Comedy', 'Romance']",0,0,0,1,0,0,0,0,0,0,0,0,1,0,0,0,0
61,tt7014006,"[""'Comedy'"", "" 'Drama'""]",94,2018-01-19,42,1,1,6,3,6,1,4,7.5,2000000,1,"['Comedy', 'Drama']",0,0,0,1,0,1,0,0,0,0,0,0,0,0,0,0,0
62,tt6343314,"[""'Drama'"", "" 'Action'""]",130,2018-11-21,254,1,5,11,4,20,4,37,7.7,50000000,11,"['Drama', 'Action']",1,0,0,0,0,1,0,0,0,0,0,0,0,0,0,0,0
63,tt6133466,"[""'Action'"", "" 'Science Fiction'"", "" 'Thriller'"", "" 'Horror'""]",97,2018-07-04,101,1,1,10,3,48,3,19,5.1,13000000,7,"['Action', 'Science Fiction', 'Thriller', 'Horror']",1,0,0,0,0,0,0,0,0,1,0,0,0,1,1,0,0
64,tt6306064,"[""'Thriller'"", "" 'Romance'"", "" 'Adventure'""]",96,2018-05-31,12,1,5,17,25,2,4,19,6.6,35000000,5,"['Thriller', 'Romance', 'Adventure']",0,1,0,0,0,0,0,0,0,0,0,0,1,0,1,0,0
65,tt1620680,"[""'Adventure'"", "" 'Science Fiction'"", "" 'Family'"", "" 'Fantasy'""]",109,2018-03-08,55,1,3,4,11,26,3,15,4.2,100000000,3,"['Adventure', 'Science Fiction', 'Family', 'Fantasy']",0,1,0,0,0,0,1,1,0,0,0,0,0,1,0,0,0
66,tt5083738,"[""'Drama'"", "" 'History'"", "" 'Comedy'""]",120,2018-11-20,59,1,2,13,10,25,4,9,7.9,15000000,11,"['Drama', 'History', 'Comedy']",0,0,0,1,0,1,0,0,1,0,0,0,0,0,0,0,0
67,tt6772950,"[""'Thriller'"", "" 'Horror'""]",100,2018-04-12,37,1,4,11,3,14,1,15,5.1,3500000,4,"['Thriller', 'Horror']",0,0,0,0,0,0,0,0,0,1,0,0,0,0,1,0,0
68,tt6663582,"[""'Action'"", "" 'Comedy'""]",117,2018-08-02,56,1,2,16,16,39,5,18,6.0,40000000,8,"['Action', 'Comedy']",1,0,0,1,0,0,0,0,0,0,0,0,0,0,0,0,0
69,tt4575576,"[""'Adventure'"", "" 'Comedy'"", "" 'Family'"", "" 'Fantasy'""]",104,2018-08-02,80,1,7,5,4,24,2,10,7.4,75000000,8,"['Adventure', 'Comedy', 'Family', 'Fantasy']",0,1,0,1,0,0,1,1,0,0,0,0,0,0,0,0,0
71,tt5117670,"[""'Animation'"", "" 'Adventure'"", "" 'Family'""]",93,2018-02-07,61,1,3,15,4,22,9,26,6.6,50000000,2,"['Animation', 'Adventure', 'Family']",0,1,1,0,0,0,1,0,0,0,0,0,0,0,0,0,0
72,tt6921996,"[""'Adventure'"", "" 'Family'"", "" 'Action'"", "" 'Comedy'""]",89,2018-09-13,85,1,1,7,4,52,4,17,6.2,25000000,9,"['Adventure', 'Family', 'Action', 'Comedy']",1,1,0,1,0,0,1,0,0,0,0,0,0,0,0,0,0
73,tt6697582,"[""'Adventure'"", "" 'Comedy'"", "" 'Science Fiction'""]",125,2018-01-05,78,1,1,4,15,7,2,8,7.5,13547689,1,"['Adventure', 'Comedy', 'Science Fiction']",0,1,0,1,0,0,0,0,0,0,0,0,0,1,0,0,0
75,tt6452574,"[""'Drama'"", "" 'Comedy'""]",161,2018-06-29,36,1,2,9,5,3,2,2,8.0,2723349,6,"['Drama', 'Comedy']",0,0,0,1,0,1,0,0,0,0,0,0,0,0,0,0,0
76,tt4701182,"[""'Action'"", "" 'Adventure'"", "" 'Science Fiction'""]",114,2018-12-15,105,1,1,12,6,56,8,18,7.2,135000000,12,"['Action', 'Adventure', 'Science Fiction']",1,1,0,0,0,0,0,0,0,0,0,0,0,1,0,0,0
77,tt5834262,"[""'Thriller'"", "" 'Science Fiction'"", "" 'Action'""]",94,2018-06-07,49,1,1,13,2,30,3,1,6.1,15000000,6,"['Thriller', 'Science Fiction', 'Action']",1,0,0,0,0,0,0,0,0,0,0,0,0,1,1,0,0
78,tt6850820,"[""'Action'"", "" 'Thriller'"", "" 'Drama'""]",102,2018-09-06,69,1,1,15,4,37,3,18,6.5,25000000,9,"['Action', 'Thriller', 'Drama']",1,0,0,0,0,1,0,0,0,0,0,0,0,0,1,0,0
79,tt7431594,"[""'Thriller'"", "" 'Action'""]",160,2018-06-15,50,1,2,13,1,5,4,3,2.1,1690861,6,"['Thriller', 'Action']",1,0,0,0,0,0,0,0,0,0,0,0,0,0,1,0,0
82,tt8108198,"[""'Thriller'"", "" 'Comedy'"", "" 'Crime'""]",139,2018-10-05,17,1,6,9,8,22,2,2,8.7,278677,10,"['Thriller', 'Comedy', 'Crime']",0,0,0,1,1,0,0,0,0,0,0,0,0,0,1,0,0
83,tt6966692,"[""'Drama'"", "" 'Comedy'""]",130,2018-11-16,100,1,3,11,6,14,5,29,8.3,23000000,11,"['Drama', 'Comedy']",0,0,0,1,0,1,0,0,0,0,0,0,0,0,0,0,0
84,tt3892172,"[""'Drama'""]",110,2018-06-29,38,1,3,13,2,4,4,21,7.2,219140,6,['Drama'],0,0,0,0,0,1,0,0,0,0,0,0,0,0,0,0,0
85,tt4560436,"[""'Action'"", "" 'Thriller'"", "" 'Adventure'"", "" 'Crime'""]",95,2018-08-16,67,1,2,24,9,50,5,22,6.1,50000000,8,"['Action', 'Thriller', 'Adventure', 'Crime']",1,1,0,0,1,0,0,0,0,0,0,0,0,0,1,0,0
86,tt2531344,"[""'Comedy'""]",102,2018-03-14,77,1,2,18,3,31,4,16,6.2,21000000,3,['Comedy'],0,0,0,1,0,0,0,0,0,0,0,0,0,0,0,0,0
87,tt5726086,"[""'Mystery'"", "" 'Horror'"", "" 'Thriller'""]",118,2018-01-03,35,1,1,14,4,14,4,25,5.7,10000000,1,"['Mystery', 'Horror', 'Thriller']",0,0,0,0,0,0,0,0,0,1,0,1,0,0,1,0,0
89,tt1137450,"[""'Action'"", "" 'Crime'"", "" 'Drama'"", "" 'Thriller'""]",107,2018-03-02,75,1,3,5,7,44,2,27,6.4,30000000,3,"['Action', 'Crime', 'Drama', 'Thriller']",1,0,0,0,1,1,0,0,0,0,0,0,0,0,1,0,0
90,tt6998518,"[""'Action'"", "" 'Thriller'"", "" 'Horror'""]",122,2018-09-13,20,1,3,16,3,19,6,1,6.6,6000000,9,"['Action', 'Thriller', 'Horror']",1,0,0,0,0,0,0,0,0,1,0,0,0,0,1,0,0
92,tt5783956,"[""'Comedy'"", "" 'Romance'"", "" 'Fantasy'""]",97,2018-02-09,30,1,1,16,1,7,4,1,6.4,10000000,2,"['Comedy', 'Romance', 'Fantasy']",0,0,0,1,0,0,0,1,0,0,0,0,1,0,0,0,0
93,tt4218572,"[""'Crime'"", "" 'Drama'"", "" 'Thriller'""]",128,2018-11-06,130,1,3,10,3,29,5,12,7.3,42000000,11,"['Crime', 'Drama', 'Thriller']",0,0,0,0,1,1,0,0,0,0,0,0,0,0,1,0,0
94,tt6791096,"[""'Comedy'""]",111,2018-04-19,106,2,2,17,2,3,3,20,5.4,32000000,4,['Comedy'],0,0,0,1,0,0,0,0,0,0,0,0,0,0,0,0,0
95,tt5028340,"[""'Fantasy'"", "" 'Family'"", "" 'Comedy'""]",131,2018-12-19,127,1,4,8,7,52,3,18,7.2,130000000,12,"['Fantasy', 'Family', 'Comedy']",0,0,0,1,0,0,1,1,0,0,0,0,0,0,0,0,0
96,tt2119543,"[""'Horror'"", "" 'Fantasy'"", "" 'Thriller'"", "" 'Family'"", "" 'Mystery'""]",106,2018-09-15,35,1,2,8,8,19,4,1,6.1,42000000,9,"['Horror', 'Fantasy', 'Thriller', 'Family', 'Mystery']",0,0,0,0,0,0,1,1,0,1,0,1,0,0,1,0,0
97,tt4244998,"[""'Adventure'"", "" 'Drama'""]",97,2018-08-17,17,1,2,11,2,27,1,34,6.7,51000000,8,"['Adventure', 'Drama']",0,1,0,0,0,1,0,0,0,0,0,0,0,0,0,0,0
98,tt4477536,"[""'Drama'"", "" 'Romance'""]",105,2018-01-17,68,1,2,4,8,19,2,22,4.5,55000000,1,"['Drama', 'Romance']",0,0,0,0,0,1,0,0,0,0,0,0,1,0,0,0,0
99,tt3890160,"[""'Action'"", "" 'Crime'""]",112,2017-06-28,85,1,1,10,4,114,4,31,7.6,34000000,6,"['Action', 'Crime']",1,0,0,0,1,0,0,0,0,0,0,0,0,0,0,0,0
100,tt1648190,"[""'Action'"", "" 'Fantasy'"", "" 'Science Fiction'"", "" 'Western'"", "" 'Horror'""]",95,2017-08-03,64,1,5,8,8,71,6,43,5.7,60000000,8,"['Action', 'Fantasy', 'Science Fiction', 'Western', 'Horror']",1,0,0,0,0,0,0,1,0,1,0,0,0,1,0,0,1
101,tt3501632,"[""'Action'"", "" 'Adventure'"", "" 'Comedy'"", "" 'Fantasy'"", "" 'Science Fiction'""]",130,2017-10-25,117,1,9,8,15,102,3,38,7.9,180000000,10,"['Action', 'Adventure', 'Comedy', 'Fantasy', 'Science Fiction']",1,1,0,1,0,0,0,1,0,0,0,0,0,1,0,0,0
102,tt5519340,"[""'Action'"", "" 'Crime'"", "" 'Fantasy'""]",117,2017-12-22,96,1,1,10,4,104,3,5,6.4,90000000,12,"['Action', 'Crime', 'Fantasy']",1,0,0,0,1,0,0,1,0,0,0,0,0,0,0,0,0
103,tt5580036,"[""'Drama'""]",121,2017-12-08,97,1,1,14,3,12,2,1,7.5,11000000,12,['Drama'],0,0,0,0,0,1,0,0,0,0,0,0,0,0,0,0,0
104,tt5052448,"[""'Mystery'"", "" 'Thriller'"", "" 'Horror'""]",104,2017-02-24,43,1,1,13,4,18,6,28,7.7,4500000,2,"['Mystery', 'Thriller', 'Horror']",0,0,0,0,0,0,0,0,0,1,0,1,0,0,1,0,0
105,tt0974015,"[""'Action'"", "" 'Adventure'"", "" 'Fantasy'"", "" 'Science Fiction'""]",120,2017-11-15,185,1,10,20,15,190,7,24,6.5,300000000,11,"['Action', 'Adventure', 'Fantasy', 'Science Fiction']",1,1,0,0,0,0,0,1,0,0,0,0,0,1,0,0,0
106,tt3402236,"[""'Crime'"", "" 'Drama'"", "" 'Mystery'""]",114,2017-11-03,103,1,2,14,7,45,7,24,6.5,55000000,11,"['Crime', 'Drama', 'Mystery']",0,0,0,0,1,1,0,0,0,0,0,1,0,0,0,0,0
107,tt2380307,"[""'Animation'"", "" 'Family'"", "" 'Comedy'"", "" 'Adventure'"", "" 'Fantasy'""]",105,2017-10-27,23,2,4,3,111,123,2,25,8.4,175000000,10,"['Animation', 'Family', 'Comedy', 'Adventure', 'Fantasy']",0,1,1,1,0,0,1,1,0,0,0,0,0,0,0,0,0
108,tt1856101,"[""'Science Fiction'"", "" 'Thriller'""]",163,2017-10-04,38,1,3,16,19,65,8,1,8.0,150000000,10,"['Science Fiction', 'Thriller']",0,0,0,0,0,0,0,0,0,0,0,0,0,1,1,0,0
109,tt4425200,"[""'Thriller'"", "" 'Action'"", "" 'Crime'""]",122,2017-02-08,86,1,1,13,14,113,5,1,7.5,40000000,2,"['Thriller', 'Action', 'Crime']",1,0,0,0,1,0,0,0,0,0,0,0,0,0,1,0,0
110,tt1485796,"[""'Drama'""]",105,2017-12-20,151,1,2,8,6,62,3,21,7.7,84000000,12,['Drama'],0,0,0,0,0,1,0,0,0,0,0,0,0,0,0,0,0
111,tt3521126,"[""'Comedy'"", "" 'Drama'""]",104,2017-03-12,123,1,4,22,6,1,6,19,7.4,10000000,3,"['Comedy', 'Drama']",0,0,0,1,0,1,0,0,0,0,0,0,0,0,0,0,0
112,tt5439796,"[""'Action'"", "" 'Comedy'"", "" 'Crime'"", "" 'Drama'""]",119,2017-08-17,164,1,1,9,4,25,2,1,7.0,29000000,8,"['Action', 'Comedy', 'Crime', 'Drama']",1,0,0,1,1,1,0,0,0,0,0,0,0,0,0,0,0
114,tt1396484,"[""'Horror'"", "" 'Thriller'""]",135,2017-09-06,49,1,4,13,3,42,5,27,7.4,35000000,9,"['Horror', 'Thriller']",0,0,0,0,0,0,0,0,0,1,0,0,0,0,1,0,0
115,tt2316204,"[""'Horror'"", "" 'Science Fiction'"", "" 'Thriller'""]",122,2017-05-09,26,1,6,8,6,45,4,21,6.4,97000000,5,"['Horror', 'Science Fiction', 'Thriller']",0,0,0,0,0,0,0,0,0,1,0,0,0,1,1,0,0
116,tt4649466,"[""'Action'"", "" 'Adventure'""]",141,2017-09-20,133,1,4,11,6,118,4,25,6.8,104000000,9,"['Action', 'Adventure']",1,1,0,0,0,0,0,0,0,0,0,0,0,0,0,0,0
117,tt4925292,"[""'Comedy'"", "" 'Drama'""]",94,2017-09-08,72,1,1,6,8,10,4,2,7.4,10000000,9,"['Comedy', 'Drama']",0,0,0,1,0,1,0,0,0,0,0,0,0,0,0,0,0
118,tt2543472,"[""'Drama'"", "" 'Family'""]",113,2017-11-13,70,1,4,12,8,10,4,27,8.0,20000000,11,"['Drama', 'Family']",0,0,0,0,0,1,1,0,0,0,0,0,0,0,0,0,0
119,tt2250912,"[""'Action'"", "" 'Adventure'"", "" 'Science Fiction'"", "" 'Drama'""]",133,2017-07-05,137,1,10,12,8,154,3,42,7.5,175000000,7,"['Action', 'Adventure', 'Science Fiction', 'Drama']",1,1,0,0,0,1,0,0,0,0,0,0,0,1,0,0,0
120,tt2239822,"[""'Adventure'"", "" 'Science Fiction'"", "" 'Action'""]",136,2017-07-20,117,1,3,8,17,33,11,39,6.5,177200000,7,"['Adventure', 'Science Fiction', 'Action']",1,1,0,0,0,0,0,0,0,0,0,0,0,1,0,0,0
121,tt5580390,"[""'Drama'"", "" 'Fantasy'"", "" 'Romance'""]",123,2017-12-01,49,1,2,6,2,24,4,22,7.4,19400000,12,"['Drama', 'Fantasy', 'Romance']",0,0,0,0,0,1,0,1,0,0,0,0,1,0,0,0,0
122,tt1469304,"[""'Action'"", "" 'Comedy'""]",116,2017-05-12,149,1,9,18,6,63,9,36,5.6,69000000,5,"['Action', 'Comedy']",1,0,0,1,0,0,0,0,0,0,0,0,0,0,0,0,0
123,tt3450958,"[""'Drama'"", "" 'Science Fiction'"", "" 'War'""]",140,2017-07-11,50,1,5,8,8,97,3,22,7.5,150000000,7,"['Drama', 'Science Fiction', 'War']",0,0,0,0,0,1,0,0,0,0,0,0,0,1,0,1,0
124,tt6294822,"[""'Drama'"", "" 'History'""]",116,2017-12-22,179,1,2,11,8,42,5,44,7.2,50000000,12,"['Drama', 'History']",0,0,0,0,0,1,0,0,1,0,0,0,0,0,0,0,0
125,tt4555426,"[""'Drama'"", "" 'History'""]",125,2017-11-22,110,1,1,9,3,9,2,25,7.4,30000000,11,"['Drama', 'History']",0,0,0,0,0,1,0,0,1,0,0,0,0,0,0,0,0
126,tt3371366,"[""'Action'"", "" 'Science Fiction'"", "" 'Thriller'"", "" 'Adventure'""]",149,2017-06-16,174,1,4,14,14,156,6,37,5.2,217000000,6,"['Action', 'Science Fiction', 'Thriller', 'Adventure']",1,1,0,0,0,0,0,0,0,0,0,0,0,1,1,0,0
127,tt5109784,"[""'Drama'"", "" 'Horror'"", "" 'Mystery'""]",121,2017-09-13,72,1,1,7,10,34,2,42,6.6,30000000,9,"['Drama', 'Horror', 'Mystery']",0,0,0,0,0,1,0,0,0,1,0,1,0,0,0,0,0
128,tt2771200,"[""'Family'"", "" 'Fantasy'"", "" 'Romance'""]",129,2017-03-16,162,1,5,10,7,24,2,45,7.2,160000000,3,"['Family', 'Fantasy', 'Romance']",0,0,0,0,0,0,1,1,0,0,0,0,1,0,0,0,0
129,tt1790809,"[""'Adventure'"", "" 'Action'"", "" 'Fantasy'"", "" 'Comedy'""]",129,2017-05-23,156,2,5,7,13,163,3,27,6.6,230000000,5,"['Adventure', 'Action', 'Fantasy', 'Comedy']",1,1,0,1,0,0,0,1,0,0,0,0,0,0,0,0,0
130,tt0451279,"[""'Action'"", "" 'Adventure'"", "" 'Fantasy'"", "" 'War'""]",141,2017-05-30,162,1,5,13,24,182,7,29,7.5,149000000,5,"['Action', 'Adventure', 'Fantasy', 'War']",1,1,0,0,0,0,0,1,0,0,0,0,0,0,0,1,0
131,tt5013056,"[""'Action'"", "" 'Drama'"", "" 'History'"", "" 'Thriller'"", "" 'War'""]",107,2017-07-19,77,1,1,7,11,103,7,26,7.9,100000000,7,"['Action', 'Drama', 'History', 'Thriller', 'War']",1,0,0,0,0,1,0,0,1,0,0,0,0,0,1,1,0
132,tt1959563,"[""'Action'"", "" 'Comedy'""]",118,2017-08-16,126,1,1,31,8,163,9,1,6.9,30000000,8,"['Action', 'Comedy']",1,0,0,1,0,0,0,0,0,0,0,0,0,0,0,0,0
133,tt2283362,"[""'Action'"", "" 'Adventure'"", "" 'Comedy'"", "" 'Fantasy'""]",119,2017-12-09,79,1,8,10,8,64,5,27,7.0,90000000,12,"['Action', 'Adventure', 'Comedy', 'Fantasy']",1,1,0,1,0,0,0,1,0,0,0,0,0,0,0,0,0
134,tt5027774,"[""'Crime'"", "" 'Drama'""]",115,2017-11-10,42,1,1,9,3,10,3,26,8.2,15000000,11,"['Crime', 'Drama']",0,0,0,0,1,1,0,0,0,0,0,0,0,0,0,0,0
135,tt5362988,"[""'Crime'"", "" 'Drama'"", "" 'Mystery'"", "" 'Thriller'""]",107,2017-08-03,35,1,1,28,3,23,11,2,7.7,11000000,8,"['Crime', 'Drama', 'Mystery', 'Thriller']",0,0,0,0,1,1,0,0,0,0,0,1,0,0,1,0,0
136,tt2406566,"[""'Action'"", "" 'Mystery'"", "" 'Thriller'""]",115,2017-07-26,26,1,3,20,6,41,7,1,6.7,30000000,7,"['Action', 'Mystery', 'Thriller']",1,0,0,0,0,0,0,0,0,0,0,1,0,0,1,0,0
137,tt3315342,"[""'Action'"", "" 'Drama'"", "" 'Science Fiction'""]",137,2017-02-28,110,1,9,9,5,128,6,26,8.1,97000000,2,"['Action', 'Drama', 'Science Fiction']",1,0,0,0,0,1,0,0,0,0,0,0,0,1,0,0,0
138,tt2345759,"[""'Fantasy'"", "" 'Thriller'"", "" 'Action'"", "" 'Adventure'"", "" 'Horror'""]",110,2017-06-06,79,1,6,8,6,146,6,22,5.5,125000000,6,"['Fantasy', 'Thriller', 'Action', 'Adventure', 'Horror']",1,1,0,0,0,0,0,1,0,1,0,0,0,0,1,0,0
139,tt1219827,"[""'Action'"", "" 'Science Fiction'"", "" 'Thriller'"", "" 'Drama'""]",107,2017-03-29,59,1,4,12,15,80,10,49,6.4,110000000,3,"['Action', 'Science Fiction', 'Thriller', 'Drama']",1,0,0,0,0,1,0,0,0,0,0,0,0,1,1,0,0
140,tt5462602,"[""'Comedy'"", "" 'Drama'"", "" 'Romance'""]",120,2017-06-23,47,1,2,8,3,4,3,2,7.6,5000000,6,"['Comedy', 'Drama', 'Romance']",0,0,0,1,0,1,0,0,0,0,0,0,1,0,0,0,0
141,tt2527336,"[""'Fantasy'"", "" 'Adventure'"", "" 'Science Fiction'"", "" 'Action'""]",152,2017-12-13,118,1,2,16,22,62,7,48,7.2,220009584,12,"['Fantasy', 'Adventure', 'Science Fiction', 'Action']",1,1,0,0,0,0,0,1,0,0,0,0,0,1,0,0,0
142,tt3532216,"[""'Thriller'"", "" 'Action'""]",115,2017-08-17,151,1,1,32,9,36,6,1,7.2,50000000,8,"['Thriller', 'Action']",1,0,0,0,0,0,0,0,0,0,0,0,0,0,1,0,0
143,tt4630562,"[""'Adventure'"", "" 'Action'"", "" 'Crime'"", "" 'Thriller'"", "" 'Mystery'""]",136,2017-04-12,182,1,2,10,11,195,6,31,6.7,250000000,4,"['Adventure', 'Action', 'Crime', 'Thriller', 'Mystery']",1,1,0,0,1,0,0,0,0,0,0,1,0,0,1,0,0
144,tt1972591,"[""'Action'"", "" 'Drama'"", "" 'Fantasy'""]",126,2017-05-10,180,1,4,11,12,86,7,22,6.8,175000000,5,"['Action', 'Drama', 'Fantasy']",1,0,0,0,0,1,0,1,0,0,0,0,0,0,0,0,0
145,tt3896198,"[""'Action'"", "" 'Adventure'"", "" 'Comedy'"", "" 'Science Fiction'""]",137,2017-04-19,83,1,13,9,6,67,2,23,7.7,200000000,4,"['Action', 'Adventure', 'Comedy', 'Science Fiction']",1,1,0,1,0,0,0,0,0,0,0,0,0,1,0,0,0
146,tt5442430,"[""'Horror'"", "" 'Science Fiction'"", "" 'Thriller'"", "" 'Drama'""]",103,2017-03-22,17,1,2,8,2,28,3,22,6.6,58000000,3,"['Horror', 'Science Fiction', 'Thriller', 'Drama']",0,0,0,0,0,1,0,0,0,1,0,0,0,1,1,0,0
147,tt3731562,"[""'Action'"", "" 'Adventure'"", "" 'Fantasy'""]",118,2017-03-08,92,1,6,10,18,79,3,28,6.7,185000000,3,"['Action', 'Adventure', 'Fantasy']",1,1,0,0,0,0,0,1,0,0,0,0,0,0,0,0,0
148,tt2568862,"[""'Crime'"", "" 'Comedy'"", "" 'Drama'""]",96,2017-04-06,107,1,2,9,5,29,6,18,6.6,25000000,4,"['Crime', 'Comedy', 'Drama']",0,0,0,1,1,1,0,0,0,0,0,0,0,0,0,0,0
149,tt2226597,"[""'Romance'"", "" 'Adventure'"", "" 'Drama'""]",109,2017-10-05,21,1,3,8,9,33,2,19,6.4,35000000,10,"['Romance', 'Adventure', 'Drama']",0,1,0,0,0,1,0,0,0,0,0,0,1,0,0,0,0
150,tt4633690,"[""'Crime'"", "" 'Drama'"", "" 'Thriller'""]",121,2017-07-13,83,1,1,10,3,21,4,20,7.3,3440362,7,"['Crime', 'Drama', 'Thriller']",0,0,0,0,1,1,0,0,0,0,0,0,0,0,1,0,0
151,tt5140878,"[""'Horror'"", "" 'Mystery'"", "" 'Thriller'""]",109,2017-08-03,28,1,1,8,1,10,4,21,6.5,15000000,8,"['Horror', 'Mystery', 'Thriller']",0,0,0,0,0,0,0,0,0,1,0,1,0,0,1,0,0
152,tt4877122,"[""'Animation'"", "" 'Family'"", "" 'Comedy'""]",86,2017-07-23,62,1,4,4,128,25,3,43,3.2,50000000,7,"['Animation', 'Family', 'Comedy']",0,0,1,1,0,0,1,0,0,0,0,0,0,0,0,0,0
153,tt3606752,"[""'Adventure'"", "" 'Animation'"", "" 'Comedy'"", "" 'Family'""]",109,2017-06-15,44,1,8,3,100,70,2,37,6.8,175000000,6,"['Adventure', 'Animation', 'Comedy', 'Family']",0,1,1,1,0,0,1,0,0,0,0,0,0,0,0,0,0
154,tt1758810,"[""'Drama'"", "" 'Crime'"", "" 'Thriller'"", "" 'Horror'""]",119,2017-10-12,54,1,4,12,12,62,4,20,5.1,35000000,10,"['Drama', 'Crime', 'Thriller', 'Horror']",0,0,0,0,1,1,0,0,0,1,0,0,0,0,1,0,0
155,tt3922818,"[""'Romance'"", "" 'Adventure'"", "" 'Science Fiction'"", "" 'Drama'""]",121,2017-01-26,92,1,3,23,6,29,3,22,6.4,30000000,1,"['Romance', 'Adventure', 'Science Fiction', 'Drama']",0,1,0,0,0,1,0,0,0,0,0,0,1,1,0,0,0
156,tt5308322,"[""'Horror'"", "" 'Mystery'"", "" 'Thriller'""]",96,2017-10-12,35,1,1,9,3,15,4,20,6.5,4800000,10,"['Horror', 'Mystery', 'Thriller']",0,0,0,0,0,0,0,0,0,1,0,1,0,0,1,0,0
157,tt5592248,"[""'Drama'"", "" 'Western'""]",93,2017-06-23,12,1,4,6,4,2,2,23,6.3,10500000,6,"['Drama', 'Western']",0,0,0,0,0,1,0,0,0,0,0,0,0,0,0,0,1
158,tt3717490,"[""'Action'"", "" 'Adventure'"", "" 'Science Fiction'""]",124,2017-03-23,60,1,9,14,5,59,5,38,6.0,100000000,3,"['Action', 'Adventure', 'Science Fiction']",1,1,0,0,0,0,0,0,0,0,0,0,0,1,0,0,0
159,tt1961175,"[""'Action'"", "" 'Thriller'""]",112,2017-09-14,96,1,5,11,13,81,5,33,6.2,33000000,9,"['Action', 'Thriller']",1,0,0,0,0,0,0,0,0,0,0,0,0,0,1,0,0
160,tt5657846,"[""'Comedy'""]",100,2017-11-09,158,1,3,9,3,25,2,45,6.0,69000000,11,['Comedy'],0,0,0,1,0,0,0,0,0,0,0,0,0,0,0,0,0
161,tt5638642,"[""'Horror'""]",94,2017-10-11,16,1,2,9,4,4,2,7,6.3,1569665,10,['Horror'],0,0,0,0,0,0,0,0,0,1,0,0,0,0,0,0,0
162,tt5649144,"[""'Drama'""]",111,2017-10-06,46,1,2,11,4,14,4,1,7.6,2000000,10,['Drama'],0,0,0,0,0,1,0,0,0,0,0,0,0,0,0,0,0
164,tt5478478,"[""'Drama'"", "" 'Western'"", "" 'History'""]",134,2017-12-22,54,1,2,17,3,20,2,15,7.2,39000000,12,"['Drama', 'Western', 'History']",0,0,0,0,0,1,0,0,1,0,0,0,0,0,0,0,1
165,tt1293847,"[""'Action'"", "" 'Adventure'"", "" 'Crime'""]",107,2017-01-13,107,1,2,11,10,193,7,23,5.2,85000000,1,"['Action', 'Adventure', 'Crime']",1,1,0,0,1,0,0,0,0,0,0,0,0,0,0,0,0
166,tt5657856,"[""'Action'"", "" 'Crime'"", "" 'Thriller'""]",132,2017-09-23,53,1,1,9,1,18,7,2,7.1,64453,9,"['Action', 'Crime', 'Thriller']",1,0,0,0,1,0,0,0,0,0,0,0,0,0,1,0,0
167,tt1536537,"[""'Science Fiction'"", "" 'Thriller'"", "" 'Drama'""]",123,2017-08-18,42,1,2,15,4,23,7,16,6.9,27975429,8,"['Science Fiction', 'Thriller', 'Drama']",0,0,0,0,0,1,0,0,0,0,0,0,0,1,1,0,0
168,tt1981128,"[""'Action'"", "" 'Science Fiction'"", "" 'Thriller'""]",109,2017-10-13,170,1,2,9,13,83,6,26,5.3,120000000,10,"['Action', 'Science Fiction', 'Thriller']",1,0,0,0,0,0,0,0,0,0,0,0,0,1,1,0,0
169,tt1389072,"[""'Comedy'"", "" 'Drama'"", "" 'Science Fiction'""]",135,2017-12-22,172,1,2,11,10,8,3,37,5.7,68000000,12,"['Comedy', 'Drama', 'Science Fiction']",0,0,0,1,0,1,0,0,0,0,0,0,0,1,0,0,0
171,tt4209788,"[""'Crime'"", "" 'Drama'""]",140,2017-12-21,102,1,2,16,7,24,5,1,7.5,2349967,12,"['Crime', 'Drama']",0,0,0,0,1,1,0,0,0,0,0,0,0,0,0,0,0
172,tt4481414,"[""'Drama'"", "" 'Family'"", "" 'Comedy'""]",101,2017-04-12,78,1,1,8,3,14,4,1,7.6,7000000,4,"['Drama', 'Family', 'Comedy']",0,0,0,1,0,1,1,0,0,0,0,0,0,0,0,0,0
173,tt5776858,"[""'Drama'"", "" 'Romance'""]",131,2017-12-25,82,1,1,8,9,22,4,40,7.5,35000000,12,"['Drama', 'Romance']",0,0,0,0,0,1,0,0,0,0,0,0,1,0,0,0,0
174,tt4846232,"[""'Crime'"", "" 'Drama'"", "" 'Thriller'""]",101,2017-08-11,87,2,2,8,2,3,2,20,7.3,125101,8,"['Crime', 'Drama', 'Thriller']",0,0,0,0,1,1,0,0,0,0,0,0,0,0,1,0,0
175,tt4622512,"[""'Comedy'"", "" 'Drama'"", "" 'History'""]",121,2017-09-05,137,2,1,6,2,4,4,17,6.7,25000000,9,"['Comedy', 'Drama', 'History']",0,0,0,1,0,1,0,0,1,0,0,0,0,0,0,0,0
176,tt3829920,"[""'Drama'""]",133,2017-09-22,93,1,3,12,5,20,3,44,7.7,38000000,9,['Drama'],0,0,0,0,0,1,0,0,0,0,0,0,0,0,0,0,0
177,tt3967856,"[""'Adventure'"", "" 'Drama'"", "" 'Science Fiction'"", "" 'Action'""]",122,2017-06-28,118,1,2,17,5,52,3,2,7.3,50000000,6,"['Adventure', 'Drama', 'Science Fiction', 'Action']",1,1,0,0,0,1,0,0,0,0,0,0,0,1,0,0,0
178,tt5294550,"[""'Thriller'"", "" 'Drama'"", "" 'Crime'"", "" 'Mystery'""]",132,2017-12-21,80,1,2,10,12,34,6,37,6.8,50000000,12,"['Thriller', 'Drama', 'Crime', 'Mystery']",0,0,0,0,1,1,0,0,0,0,0,1,0,0,1,0,0
179,tt5715874,"[""'Drama'"", "" 'Thriller'"", "" 'Mystery'""]",122,2017-10-20,69,1,2,16,3,24,3,18,7.0,115120,10,"['Drama', 'Thriller', 'Mystery']",0,0,0,0,0,1,0,0,0,0,0,1,0,0,1,0,0
181,tt4287320,"[""'Drama'"", "" 'Thriller'"", "" 'Science Fiction'""]",110,2017-04-27,75,1,2,14,4,10,6,1,5.3,18000000,4,"['Drama', 'Thriller', 'Science Fiction']",0,0,0,0,0,1,0,0,0,0,0,0,0,1,1,0,0
182,tt4765284,"[""'Comedy'"", "" 'Music'""]",93,2017-12-20,163,1,3,8,2,47,4,19,5.8,45000000,12,"['Comedy', 'Music']",0,0,0,1,0,0,0,0,0,0,1,0,0,0,0,0,0
183,tt4995790,"[""'Drama'""]",151,2017-08-25,56,1,1,12,11,4,14,23,7.3,74233,8,['Drama'],0,0,0,0,0,1,0,0,0,0,0,0,0,0,0,0,0
184,tt4465564,"[""'Drama'"", "" 'Romance'""]",118,2017-02-08,53,1,2,4,4,32,6,19,4.6,55000000,2,"['Drama', 'Romance']",0,0,0,0,0,1,0,0,0,0,0,0,1,0,0,0,0
185,tt4468740,"[""'Adventure'"", "" 'Comedy'"", "" 'Family'""]",104,2017-11-09,124,1,4,11,4,17,7,37,7.9,40000000,11,"['Adventure', 'Comedy', 'Family']",0,1,0,1,0,0,1,0,0,0,0,0,0,0,0,0,0
186,tt1615160,"[""'Action'"", "" 'Thriller'"", "" 'Drama'""]",113,2017-09-28,97,1,2,32,3,41,8,30,7.0,35000000,9,"['Action', 'Thriller', 'Drama']",1,0,0,0,0,1,0,0,0,0,0,0,0,0,1,0,0
188,tt2763304,"[""'Crime'"", "" 'Drama'""]",117,2017-01-27,70,1,2,8,13,46,7,30,7.2,18000000,1,"['Crime', 'Drama']",0,0,0,0,1,1,0,0,0,0,0,0,0,0,0,0,0
189,tt4695012,"[""'Horror'"", "" 'Thriller'"", "" 'Mystery'"", "" 'Drama'""]",91,2017-06-09,10,1,1,8,6,21,2,16,6.2,5000000,6,"['Horror', 'Thriller', 'Mystery', 'Drama']",0,0,0,0,0,1,0,0,0,1,0,1,0,0,1,0,0
190,tt1753383,"[""'Comedy'"", "" 'Drama'"", "" 'Family'"", "" 'Fantasy'""]",100,2017-01-19,60,1,5,7,8,16,6,59,7.0,22000000,1,"['Comedy', 'Drama', 'Family', 'Fantasy']",0,0,0,1,0,1,1,1,0,0,0,0,0,0,0,0,0
191,tt6265828,"[""'Drama'"", "" 'Fantasy'"", "" 'Romance'""]",93,2017-07-07,71,1,1,5,2,2,3,28,6.8,100000,7,"['Drama', 'Fantasy', 'Romance']",0,0,0,0,0,1,0,1,0,0,0,0,1,0,0,0,0
192,tt4686844,"[""'Comedy'"", "" 'History'""]",107,2017-10-20,108,1,6,13,2,13,11,1,7.2,184805,10,"['Comedy', 'History']",0,0,0,1,0,0,0,0,1,0,0,0,0,0,0,0,0
193,tt3348730,"[""'Crime'"", "" 'Horror'"", "" 'Mystery'"", "" 'Thriller'""]",92,2017-10-26,32,2,2,11,2,16,4,23,5.8,10000000,10,"['Crime', 'Horror', 'Mystery', 'Thriller']",0,0,0,0,1,0,0,0,0,1,0,1,0,0,1,0,0
194,tt5742374,"[""'Drama'"", "" 'Thriller'"", "" 'Crime'""]",89,2017-11-08,40,1,2,14,4,29,3,1,6.8,132829,11,"['Drama', 'Thriller', 'Crime']",0,0,0,0,1,1,0,0,0,0,0,0,0,0,1,0,0
195,tt2582782,"[""'Crime'"", "" 'Drama'"", "" 'Thriller'"", "" 'Western'""]",102,2016-08-12,64,1,1,15,4,28,4,25,7.6,12000000,8,"['Crime', 'Drama', 'Thriller', 'Western']",0,0,0,0,1,1,0,0,0,0,0,0,0,0,1,0,1
196,tt4160708,"[""'Crime'"", "" 'Horror'"", "" 'Thriller'""]",89,2016-08-25,19,1,2,14,5,11,6,3,7.1,9900000,8,"['Crime', 'Horror', 'Thriller']",0,0,0,0,1,0,0,0,0,1,0,0,0,0,1,0,0
197,tt2660888,"[""'Action'"", "" 'Adventure'"", "" 'Science Fiction'""]",122,2016-07-07,84,1,6,11,9,79,7,42,7.1,185000000,7,"['Action', 'Adventure', 'Science Fiction']",1,1,0,0,0,0,0,0,0,0,0,0,0,1,0,0,0
198,tt2094766,"[""'Action'"", "" 'Adventure'"", "" 'Science Fiction'""]",115,2016-12-21,81,1,6,16,6,88,11,29,5.8,125000000,12,"['Action', 'Adventure', 'Science Fiction']",1,1,0,0,0,0,0,0,0,0,0,0,0,1,0,0,0
199,tt4196776,"[""'Action'"", "" 'Thriller'""]",123,2016-07-27,229,1,3,17,16,174,6,40,6.6,120000000,7,"['Action', 'Thriller']",1,0,0,0,0,0,0,0,0,0,0,0,0,0,1,0,0
200,tt1935859,"[""'Drama'"", "" 'Fantasy'"", "" 'Adventure'"", "" 'Family'""]",127,2016-09-28,102,1,2,6,15,69,8,25,6.7,110000000,9,"['Drama', 'Fantasy', 'Adventure', 'Family']",0,1,0,0,0,1,1,1,0,0,0,0,0,0,0,0,0
201,tt3062096,"[""'Mystery'"", "" 'Thriller'"", "" 'Drama'""]",121,2016-10-13,59,1,2,10,19,69,4,43,6.2,75000000,10,"['Mystery', 'Thriller', 'Drama']",0,0,0,0,0,1,0,0,0,0,0,1,0,0,1,0,0
202,tt1355644,"[""'Drama'"", "" 'Romance'"", "" 'Science Fiction'""]",116,2016-12-21,45,1,1,12,2,16,7,33,7.0,110000000,12,"['Drama', 'Romance', 'Science Fiction']",0,0,0,0,0,1,0,0,0,0,0,0,1,1,0,0,0
203,tt1289401,"[""'Action'"", "" 'Fantasy'"", "" 'Comedy'""]",116,2016-07-14,210,1,5,12,9,93,7,41,5.2,144000000,7,"['Action', 'Fantasy', 'Comedy']",1,0,0,1,0,0,0,1,0,0,0,0,0,0,0,0,0
204,tt3040964,"[""'Adventure'"", "" 'Drama'"", "" 'Family'"", "" 'Fantasy'"", "" 'Animation'""]",106,2016-04-07,28,1,2,7,20,21,4,27,7.4,175000000,4,"['Adventure', 'Drama', 'Family', 'Fantasy', 'Animation']",0,1,1,0,0,1,1,1,0,0,0,0,0,0,0,0,0
205,tt2119532,"[""'Drama'"", "" 'History'"", "" 'War'""]",140,2016-10-07,112,1,2,35,4,70,5,2,8.1,40000000,10,"['Drama', 'History', 'War']",0,0,0,0,0,1,0,0,1,0,0,0,0,0,0,1,0
206,tt4846340,"[""'Drama'"", "" 'History'""]",127,2016-12-10,126,1,3,12,3,12,4,20,7.8,25000000,12,"['Drama', 'History']",0,0,0,0,0,1,0,0,1,0,0,0,0,0,0,0,0
207,tt3110958,"[""'Action'"", "" 'Comedy'"", "" 'Thriller'""]",129,2016-06-02,145,1,4,13,7,73,3,56,6.5,90000000,6,"['Action', 'Comedy', 'Thriller']",1,0,0,1,0,0,0,0,0,0,0,0,0,0,1,0,0
208,tt1431045,"[""'Action'"", "" 'Adventure'"", "" 'Comedy'""]",108,2016-02-09,55,1,2,10,5,90,5,34,8.0,58000000,2,"['Action', 'Adventure', 'Comedy']",1,1,0,1,0,0,0,0,0,0,0,0,0,0,0,0,0
209,tt2543164,"[""'Thriller'"", "" 'Drama'"", "" 'Science Fiction'"", "" 'Mystery'""]",116,2016-11-10,74,1,2,14,5,5,4,1,7.9,47000000,11,"['Thriller', 'Drama', 'Science Fiction', 'Mystery']",0,0,0,0,0,1,0,0,0,0,0,1,0,1,1,0,0
210,tt3748528,"[""'Action'"", "" 'Adventure'"", "" 'Science Fiction'""]",133,2016-12-14,155,1,5,11,13,122,5,43,7.8,200000000,12,"['Action', 'Adventure', 'Science Fiction']",1,1,0,0,0,0,0,0,0,0,0,0,0,1,0,0,0
211,tt1179933,"[""'Thriller'"", "" 'Science Fiction'"", "" 'Drama'""]",104,2016-03-10,9,1,3,8,4,43,3,36,7.2,15000000,3,"['Thriller', 'Science Fiction', 'Drama']",0,0,0,0,0,1,0,0,0,0,0,0,0,1,1,0,0
212,tt3553976,"[""'Adventure'"", "" 'Comedy'"", "" 'Drama'""]",119,2016-07-02,51,1,1,9,4,12,2,1,7.9,93824,7,"['Adventure', 'Comedy', 'Drama']",0,1,0,1,0,1,0,0,0,0,0,0,0,0,0,0,0
213,tt1386697,"[""'Action'"", "" 'Adventure'"", "" 'Crime'"", "" 'Fantasy'"", "" 'Science Fiction'""]",124,2016-08-03,126,1,2,10,13,194,5,30,6.1,175000000,8,"['Action', 'Adventure', 'Crime', 'Fantasy', 'Science Fiction']",1,1,0,0,1,0,0,1,0,0,0,0,0,1,0,0,0
214,tt3300542,"[""'Action'"", "" 'Crime'"", "" 'Thriller'""]",99,2016-03-02,93,1,5,20,9,157,4,1,5.9,60000000,3,"['Action', 'Crime', 'Thriller']",1,0,0,0,1,0,0,0,0,0,0,0,0,0,1,0,0
215,tt2948356,"[""'Animation'"", "" 'Adventure'"", "" 'Family'"", "" 'Comedy'""]",109,2016-02-11,75,3,7,4,127,171,2,42,8.0,150000000,2,"['Animation', 'Adventure', 'Family', 'Comedy']",0,1,1,1,0,0,1,0,0,0,0,0,0,0,0,0,0
216,tt4776998,"[""'History'"", "" 'Romance'"", "" 'Drama'""]",130,2016-12-02,115,1,2,15,18,54,3,18,6.1,90000000,12,"['History', 'Romance', 'Drama']",0,0,0,0,0,1,0,0,1,0,0,0,1,0,0,0,0
217,tt2005151,"[""'Comedy'"", "" 'Crime'"", "" 'Drama'""]",114,2016-08-17,117,1,4,12,9,56,4,15,7.1,40000000,8,"['Comedy', 'Crime', 'Drama']",0,0,0,1,1,1,0,0,0,0,0,0,0,0,0,0,0
218,tt0918940,"[""'Action'"", "" 'Adventure'""]",109,2016-06-29,169,1,3,12,15,103,9,25,6.3,180000000,6,"['Action', 'Adventure']",1,1,0,0,0,0,0,0,0,0,0,0,0,0,0,0,0
219,tt1700841,"[""'Adventure'"", "" 'Animation'"", "" 'Comedy'"", "" 'Fantasy'""]",89,2016-07-11,33,2,5,14,2,41,3,1,6.2,19000000,7,"['Adventure', 'Animation', 'Comedy', 'Fantasy']",0,1,1,1,0,0,0,1,0,0,0,0,0,0,0,0,0
220,tt2975590,"[""'Action'"", "" 'Adventure'"", "" 'Fantasy'""]",151,2016-03-23,354,1,7,16,16,122,6,34,6.5,250000000,3,"['Action', 'Adventure', 'Fantasy']",1,1,0,0,0,0,0,1,0,0,0,0,0,0,0,0,0
221,tt3498820,"[""'Adventure'"", "" 'Action'"", "" 'Science Fiction'""]",147,2016-04-27,192,2,6,14,16,204,6,40,7.8,250000000,4,"['Adventure', 'Action', 'Science Fiction']",1,1,0,0,0,0,0,0,0,0,0,0,0,1,0,0,0
222,tt4550098,"[""'Drama'"", "" 'Thriller'""]",116,2016-11-04,67,1,2,5,3,10,4,3,7.5,22500000,11,"['Drama', 'Thriller']",0,0,0,0,0,1,0,0,0,0,0,0,0,0,1,0,0
223,tt1628841,"[""'Action'"", "" 'Adventure'"", "" 'Science Fiction'""]",120,2016-06-22,186,1,6,11,8,73,6,28,5.2,165000000,6,"['Action', 'Adventure', 'Science Fiction']",1,1,0,0,0,0,0,0,0,0,0,0,0,1,0,0,0
224,tt3263904,"[""'Drama'"", "" 'History'""]",96,2016-09-07,120,1,3,9,4,50,8,27,7.5,60000000,9,"['Drama', 'History']",0,0,0,0,0,1,0,0,1,0,0,0,0,0,0,0,0
225,tt4972582,"[""'Horror'"", "" 'Thriller'""]",117,2017-01-19,65,1,1,8,4,7,5,27,7.3,9000000,1,"['Horror', 'Thriller']",0,0,0,0,0,0,0,0,0,1,0,0,0,0,1,0,0
226,tt3799694,"[""'Action'"", "" 'Comedy'"", "" 'Crime'"", "" 'Mystery'""]",116,2016-05-15,115,1,2,11,3,49,6,1,7.4,50000000,5,"['Action', 'Comedy', 'Crime', 'Mystery']",1,0,0,1,1,0,0,0,0,0,0,1,0,0,0,0,0
227,tt2140479,"[""'Crime'"", "" 'Thriller'"", "" 'Drama'""]",128,2016-10-14,101,1,1,6,4,57,5,25,7.3,44000000,10,"['Crime', 'Thriller', 'Drama']",0,0,0,0,1,1,0,0,0,0,0,0,0,0,1,0,0
228,tt3065204,"[""'Horror'"", "" 'Mystery'"", "" 'Thriller'""]",134,2016-05-13,55,1,4,8,5,21,5,21,7.4,40000000,5,"['Horror', 'Mystery', 'Thriller']",0,0,0,0,0,0,0,0,0,1,0,1,0,0,1,0,0
229,tt2674426,"[""'Drama'"", "" 'Romance'""]",110,2016-06-02,51,1,1,7,10,5,3,20,7.4,20000000,6,"['Drama', 'Romance']",0,0,0,0,0,1,0,0,0,0,0,0,1,0,0,0,0
230,tt3741834,"[""'Drama'""]",118,2016-11-24,43,1,2,14,15,7,5,1,8.1,12000000,11,['Drama'],0,0,0,0,0,1,0,0,0,0,0,0,0,0,0,0,0
231,tt2404435,"[""'Adventure'"", "" 'Action'"", "" 'Western'""]",132,2016-09-14,115,1,5,7,8,95,8,47,6.9,90000000,9,"['Adventure', 'Action', 'Western']",1,1,0,0,0,0,0,0,0,0,0,0,0,0,0,0,1
232,tt1860357,"[""'Drama'"", "" 'Action'""]",107,2016-09-29,125,1,5,15,8,46,6,32,7.1,110000000,9,"['Drama', 'Action']",1,0,0,0,0,1,0,0,0,0,0,0,0,0,0,0,0
233,tt4975722,"[""'Drama'""]",111,2016-10-21,26,1,2,10,2,23,3,26,7.4,4000000,10,['Drama'],0,0,0,0,0,1,0,0,0,0,0,0,0,0,0,0,0
234,tt3783958,"[""'Comedy'"", "" 'Drama'"", "" 'Romance'""]",129,2016-11-29,213,1,1,16,9,35,6,55,8.0,30000000,11,"['Comedy', 'Drama', 'Romance']",0,0,0,1,0,1,0,0,0,0,0,0,1,0,0,0,0
235,tt0803096,"[""'Action'"", "" 'Adventure'"", "" 'Fantasy'""]",123,2016-05-25,54,1,2,17,15,49,10,28,6.9,160000000,5,"['Action', 'Adventure', 'Fantasy']",1,1,0,0,0,0,0,1,0,0,0,0,0,0,0,0,0
236,tt1489889,"[""'Action'"", "" 'Comedy'"", "" 'Mystery'""]",107,2016-06-15,160,1,3,13,1,66,6,24,6.3,50000000,6,"['Action', 'Comedy', 'Mystery']",1,0,0,1,0,0,0,0,0,0,0,1,0,0,0,0,0
237,tt1211837,"[""'Action'"", "" 'Adventure'"", "" 'Fantasy'"", "" 'Science Fiction'""]",115,2016-10-25,75,1,5,7,16,137,2,45,7.5,165000000,10,"['Action', 'Adventure', 'Fantasy', 'Science Fiction']",1,1,0,0,0,0,0,1,0,0,0,0,0,1,0,0,0
238,tt3183660,"[""'Adventure'"", "" 'Family'"", "" 'Fantasy'""]",133,2016-11-16,189,1,1,8,8,88,2,25,7.3,180000000,11,"['Adventure', 'Family', 'Fantasy']",0,1,0,0,0,0,1,1,0,0,0,0,0,0,0,0,0
239,tt2277860,"[""'Adventure'"", "" 'Animation'"", "" 'Comedy'"", "" 'Family'""]",97,2016-06-16,66,2,4,3,117,94,2,31,7.3,200000000,6,"['Adventure', 'Animation', 'Comedy', 'Family']",0,1,1,1,0,0,1,0,0,0,0,0,0,0,0,0,0
240,tt3631112,"[""'Crime'"", "" 'Drama'"", "" 'Mystery'"", "" 'Romance'"", "" 'Thriller'""]",112,2016-10-05,57,1,2,7,6,9,4,65,6.5,45000000,10,"['Crime', 'Drama', 'Mystery', 'Romance', 'Thriller']",0,0,0,0,1,1,0,0,0,0,0,1,1,0,1,0,0
241,tt3385516,"[""'Action'"", "" 'Adventure'"", "" 'Science Fiction'"", "" 'Fantasy'""]",144,2016-05-18,109,1,6,11,9,137,6,29,7.0,178000000,5,"['Action', 'Adventure', 'Science Fiction', 'Fantasy']",1,1,0,0,0,0,0,1,0,0,0,0,0,1,0,0,0
242,tt4034228,"[""'Drama'""]",138,2016-11-18,74,1,1,11,3,12,8,1,7.8,9000000,11,['Drama'],0,0,0,0,0,1,0,0,0,0,0,0,0,0,0,0,0
243,tt4276820,"[""'Drama'"", "" 'History'""]",115,2016-09-13,73,1,1,15,3,2,5,1,7.2,25000000,9,"['Drama', 'History']",0,0,0,0,0,1,0,0,1,0,0,0,0,0,0,0,0
244,tt4682786,"[""'Drama'"", "" 'Romance'""]",97,2016-12-06,61,1,1,15,2,24,6,20,6.8,36000000,12,"['Drama', 'Romance']",0,0,0,0,0,1,0,0,0,0,0,0,1,0,0,0,0
246,tt5022702,"[""'Horror'"", "" 'Thriller'""]",82,2016-03-12,5,1,2,8,3,13,2,3,6.6,1000000,3,"['Horror', 'Thriller']",0,0,0,0,0,0,0,0,0,1,0,0,0,0,1,0,0
247,tt2241351,"[""'Thriller'"", "" 'Drama'""]",98,2016-05-12,153,1,3,13,3,16,4,24,6.5,27000000,5,"['Thriller', 'Drama']",0,0,0,0,0,1,0,0,0,0,0,0,0,0,1,0,0
248,tt2567026,"[""'Adventure'"", "" 'Family'"", "" 'Fantasy'""]",113,2016-05-25,104,1,2,6,12,37,6,26,6.2,170000000,5,"['Adventure', 'Family', 'Fantasy']",0,1,0,0,0,0,1,1,0,0,0,0,0,0,0,0,0
249,tt3410834,"[""'Adventure'"", "" 'Science Fiction'"", "" 'Action'"", "" 'Mystery'""]",121,2016-03-09,224,1,4,14,3,121,3,43,5.7,110000000,3,"['Adventure', 'Science Fiction', 'Action', 'Mystery']",1,1,0,0,0,0,0,0,0,0,0,1,0,1,0,0,0
250,tt4302938,"[""'Animation'"", "" 'Adventure'"", "" 'Family'""]",102,2016-08-18,22,1,3,3,52,106,2,23,7.8,60000000,8,"['Animation', 'Adventure', 'Family']",0,1,1,0,0,0,1,0,0,0,0,0,0,0,0,0,0
252,tt2381991,"[""'Action'"", "" 'Adventure'"", "" 'Drama'""]",114,2016-04-06,71,1,3,4,5,61,3,21,6.1,115000000,4,"['Action', 'Adventure', 'Drama']",1,1,0,0,0,1,0,0,0,0,0,0,0,0,0,0,0
253,tt3691740,"[""'Adventure'"", "" 'Family'"", "" 'Fantasy'""]",120,2016-06-01,49,1,2,10,7,78,6,1,6.4,140000000,6,"['Adventure', 'Family', 'Fantasy']",0,1,0,0,0,0,1,1,0,0,0,0,0,0,0,0,0
254,tt1974419,"[""'Thriller'"", "" 'Horror'"", "" 'Mystery'""]",118,2016-06-08,57,1,3,20,1,5,6,2,6.2,7000000,6,"['Thriller', 'Horror', 'Mystery']",0,0,0,0,0,0,0,0,0,1,0,1,0,0,1,0,0
255,tt3640424,"[""'Action'"", "" 'Drama'"", "" 'War'"", "" 'Romance'"", "" 'Thriller'""]",124,2016-11-17,94,1,1,9,7,18,4,33,7.1,85000000,11,"['Action', 'Drama', 'War', 'Romance', 'Thriller']",1,0,0,0,0,1,0,0,0,0,0,0,1,0,1,1,0
257,tt2304933,"[""'Adventure'"", "" 'Science Fiction'""]",112,2016-01-14,116,1,4,8,2,58,4,25,5.2,38000000,1,"['Adventure', 'Science Fiction']",0,1,0,0,0,0,0,0,0,0,0,0,0,1,0,0,0
258,tt3544112,"[""'Comedy'"", "" 'Romance'"", "" 'Drama'"", "" 'Music'""]",106,2016-03-11,26,1,2,15,11,3,6,2,8.0,63573,3,"['Comedy', 'Romance', 'Drama', 'Music']",0,0,0,1,0,1,0,0,0,0,1,0,1,0,0,0,0
259,tt4172430,"[""'Action'"", "" 'Drama'"", "" 'History'"", "" 'Thriller'"", "" 'War'""]",144,2016-01-13,84,1,2,9,8,46,5,35,7.3,50000000,1,"['Action', 'Drama', 'History', 'Thriller', 'War']",1,0,0,0,0,1,0,0,1,0,0,0,0,0,1,1,0
260,tt2034800,"[""'Action'"", "" 'Adventure'"", "" 'Fantasy'""]",103,2016-12-16,19,1,6,12,12,106,8,36,6.0,150000000,12,"['Action', 'Adventure', 'Fantasy']",1,1,0,0,0,0,0,1,0,0,0,0,0,0,0,0,0
261,tt4786282,"[""'Thriller'"", "" 'Mystery'"", "" 'Horror'""]",81,2016-07-21,15,1,2,16,4,14,4,16,6.3,4900000,7,"['Thriller', 'Mystery', 'Horror']",0,0,0,0,0,0,0,0,0,1,0,1,0,0,1,0,0
262,tt1292566,"[""'Comedy'"", "" 'Romance'""]",110,2016-01-21,96,1,4,12,8,39,5,18,6.1,38000000,1,"['Comedy', 'Romance']",0,0,0,1,0,0,0,0,0,0,0,0,1,0,0,0,0
263,tt2592614,"[""'Action'"", "" 'Horror'"", "" 'Science Fiction'""]",107,2016-12-23,84,1,1,10,7,64,4,1,5.6,40000000,12,"['Action', 'Horror', 'Science Fiction']",1,0,0,0,0,0,0,0,0,1,0,0,0,1,0,0,0
264,tt4438848,"[""'Comedy'""]",91,2016-05-04,98,1,5,15,4,15,4,22,5.7,35000000,5,['Comedy'],0,0,0,1,0,0,0,0,0,0,0,0,0,0,0,0,0
265,tt4698684,"[""'Adventure'"", "" 'Comedy'"", "" 'Drama'""]",101,2016-03-31,25,1,3,10,9,54,3,1,7.9,78439,3,"['Adventure', 'Comedy', 'Drama']",0,1,0,1,0,1,0,0,0,0,0,0,0,0,0,0,0
266,tt2823054,"[""'Comedy'""]",98,2016-07-07,90,1,2,7,3,22,3,20,6.0,33000000,7,['Comedy'],0,0,0,1,0,0,0,0,0,0,0,0,0,0,0,0,0
267,tt4572514,"[""'Crime'"", "" 'Drama'"", "" 'Thriller'""]",133,2016-12-12,289,1,5,20,2,58,5,49,7.4,45000000,12,"['Crime', 'Drama', 'Thriller']",0,0,0,0,1,1,0,0,0,0,0,0,0,0,1,0,0
268,tt3531824,"[""'Mystery'"", "" 'Adventure'"", "" 'Crime'""]",96,2016-07-27,96,2,2,9,3,20,4,21,6.6,19000000,7,"['Mystery', 'Adventure', 'Crime']",0,1,0,0,1,0,0,0,0,0,0,1,0,0,0,0,0
269,tt3949660,"[""'Action'"", "" 'Adventure'"", "" 'Comedy'"", "" 'Family'"", "" 'Science Fiction'""]",112,2016-06-01,128,1,4,15,20,118,7,24,6.0,135000000,6,"['Action', 'Adventure', 'Comedy', 'Family', 'Science Fiction']",1,1,0,1,0,0,1,0,0,0,0,0,0,1,0,0,0
270,tt0475290,"[""'Comedy'"", "" 'Drama'"", "" 'Mystery'""]",106,2016-02-05,236,2,2,6,5,37,5,1,6.3,22000000,2,"['Comedy', 'Drama', 'Mystery']",0,0,0,1,0,1,0,0,0,0,0,1,0,0,0,0,0
271,tt2404233,"[""'Action'"", "" 'Adventure'"", "" 'Fantasy'"", "" 'Science Fiction'""]",127,2016-02-25,58,1,2,9,8,76,5,39,5.4,140000000,2,"['Action', 'Adventure', 'Fantasy', 'Science Fiction']",1,1,0,0,0,0,0,1,0,0,0,0,0,1,0,0,0
272,tt4501244,"[""'Comedy'""]",111,2016-12-22,58,1,3,8,3,18,5,24,6.2,38000000,12,['Comedy'],0,0,0,1,0,0,0,0,0,0,0,0,0,0,0,0,0
273,tt2671706,"[""'Drama'""]",139,2016-12-16,35,1,1,17,3,6,5,23,7.2,24000000,12,['Drama'],0,0,0,0,0,1,0,0,0,0,0,0,0,0,0,0,0
275,tt3289956,"[""'Horror'"", "" 'Mystery'""]",86,2016-12-21,11,1,2,10,3,17,3,1,6.8,10474,12,"['Horror', 'Mystery']",0,0,0,0,0,0,0,0,0,1,0,1,0,0,0,0,0
276,tt3381008,"[""'Action'"", "" 'Comedy'""]",83,2016-02-24,154,1,3,18,9,78,7,20,6.2,35000000,2,"['Action', 'Comedy']",1,0,0,1,0,0,0,0,0,0,0,0,0,0,0,0,0
277,tt3393786,"[""'Action'"", "" 'Adventure'"", "" 'Crime'""]",118,2016-10-19,155,1,4,8,4,64,6,32,6.1,60000000,10,"['Action', 'Adventure', 'Crime']",1,1,0,0,1,0,0,0,0,0,0,0,0,0,0,0,0
278,tt4651520,"[""'Comedy'""]",100,2016-07-28,115,2,2,10,6,23,4,28,6.2,20000000,7,['Comedy'],0,0,0,1,0,0,0,0,0,0,0,0,0,0,0,0,0
279,tt1860213,"[""'Comedy'""]",102,2016-01-21,97,1,1,9,4,47,6,28,5.9,25000000,1,['Comedy'],0,0,0,1,0,0,0,0,0,0,0,0,0,0,0,0,0
280,tt3774114,"[""'Drama'"", "" 'History'"", "" 'Crime'"", "" 'Thriller'""]",134,2016-09-15,97,1,4,24,4,8,3,3,7.3,40000000,9,"['Drama', 'History', 'Crime', 'Thriller']",0,0,0,0,1,1,0,0,1,0,0,0,0,0,1,0,0
281,tt4034354,"[""'Comedy'"", "" 'Drama'"", "" 'Romance'"", "" 'Fantasy'"", "" 'Adventure'""]",97,2016-06-24,11,2,2,10,2,21,3,17,7.0,3000000,6,"['Comedy', 'Drama', 'Romance', 'Fantasy', 'Adventure']",0,1,0,1,0,1,0,1,0,0,0,0,1,0,0,0,0
282,tt3416532,"[""'Drama'"", "" 'Fantasy'""]",108,2016-10-07,21,1,2,12,11,7,5,37,7.5,43000000,10,"['Drama', 'Fantasy']",0,0,0,0,0,1,0,1,0,0,0,0,0,0,0,0,0
283,tt4052882,"[""'Horror'"", "" 'Drama'"", "" 'Thriller'""]",86,2016-06-24,12,1,1,4,4,23,3,22,6.3,17000000,6,"['Horror', 'Drama', 'Thriller']",0,0,0,0,0,1,0,0,0,1,0,0,0,0,1,0,0
284,tt4094724,"[""'Action'"", "" 'Horror'"", "" 'Thriller'""]",105,2016-06-29,145,1,1,9,4,42,6,34,6.0,10000000,6,"['Action', 'Horror', 'Thriller']",1,0,0,0,0,0,0,0,0,1,0,0,0,0,1,0,0
285,tt0490215,"[""'Drama'"", "" 'History'""]",161,2016-12-22,66,1,3,41,9,6,12,1,7.2,46000000,12,"['Drama', 'History']",0,0,0,0,0,1,0,0,1,0,0,0,0,0,0,0,0
287,tt1878870,"[""'Comedy'"", "" 'Drama'""]",104,2016-11-18,31,1,1,16,6,3,4,1,7.4,9000000,11,"['Comedy', 'Drama']",0,0,0,1,0,1,0,0,0,0,0,0,0,0,0,0,0
288,tt4731136,"[""'Horror'"", "" 'Mystery'"", "" 'Science Fiction'"", "" 'Thriller'""]",146,2017-02-15,68,1,2,10,3,20,5,19,6.4,40000000,2,"['Horror', 'Mystery', 'Science Fiction', 'Thriller']",0,0,0,0,0,0,0,0,0,1,0,1,0,1,1,0,0
289,tt2488496,"[""'Action'"", "" 'Adventure'"", "" 'Science Fiction'"", "" 'Fantasy'""]",136,2015-12-15,181,1,4,14,15,71,4,57,8.0,245000000,12,"['Action', 'Adventure', 'Science Fiction', 'Fantasy']",1,1,0,0,0,0,0,1,0,0,0,0,0,1,0,0,0
290,tt2381249,"[""'Action'"", "" 'Adventure'"", "" 'Thriller'""]",131,2015-07-23,202,1,3,12,13,81,9,60,7.4,150000000,7,"['Action', 'Adventure', 'Thriller']",1,1,0,0,0,0,0,0,0,0,0,0,0,0,1,0,0
291,tt1502712,"[""'Action'"", "" 'Adventure'"", "" 'Science Fiction'""]",100,2015-08-05,129,1,5,8,3,77,8,31,4.3,120000000,8,"['Action', 'Adventure', 'Science Fiction']",1,1,0,0,0,0,0,0,0,0,0,0,0,1,0,0,0
292,tt3569230,"[""'Crime'"", "" 'Thriller'""]",131,2015-09-09,136,1,2,16,3,46,3,20,7.0,30000000,9,"['Crime', 'Thriller']",0,0,0,0,1,0,0,0,0,0,0,0,0,0,1,0,0
293,tt4046784,"[""'Action'"", "" 'Science Fiction'"", "" 'Thriller'""]",132,2015-09-09,75,1,2,9,4,48,3,24,6.3,61000000,9,"['Action', 'Science Fiction', 'Thriller']",1,0,0,0,0,0,0,0,0,0,0,0,0,1,1,0,0
294,tt3659388,"[""'Drama'"", "" 'Adventure'"", "" 'Science Fiction'""]",141,2015-09-30,63,1,2,9,14,37,7,29,8.0,108000000,9,"['Drama', 'Adventure', 'Science Fiction']",0,1,0,0,0,1,0,0,0,0,0,0,0,1,0,0,0
295,tt1638355,"[""'Comedy'"", "" 'Action'"", "" 'Adventure'""]",116,2015-08-13,94,1,5,10,12,68,4,34,7.3,75000000,8,"['Comedy', 'Action', 'Adventure']",1,1,0,1,0,0,0,0,0,0,0,0,0,0,0,0,0
296,tt4178092,"[""'Thriller'"", "" 'Mystery'"", "" 'Drama'""]",108,2015-07-30,23,1,1,11,2,15,3,27,7.1,5000000,7,"['Thriller', 'Mystery', 'Drama']",0,0,0,0,0,1,0,0,0,0,0,1,0,0,1,0,0
298,tt1964418,"[""'Adventure'"", "" 'Family'"", "" 'Mystery'"", "" 'Science Fiction'""]",130,2015-05-19,106,1,3,11,13,54,3,29,6.4,190000000,5,"['Adventure', 'Family', 'Mystery', 'Science Fiction']",0,1,0,0,0,0,1,0,0,0,0,1,0,1,0,0,0
299,tt0810819,"[""'Drama'""]",120,2015-11-27,70,1,2,14,6,2,12,1,7.1,15000000,11,['Drama'],0,0,0,0,0,1,0,0,0,0,0,0,0,0,0,0,0
300,tt0478970,"[""'Science Fiction'"", "" 'Action'"", "" 'Adventure'""]",117,2015-07-14,166,1,7,10,7,140,3,32,7.3,130000000,7,"['Science Fiction', 'Action', 'Adventure']",1,1,0,0,0,0,0,0,0,0,0,0,0,1,0,0,0
301,tt3170832,"[""'Drama'"", "" 'Thriller'""]",117,2015-10-16,27,1,1,12,2,3,7,2,8.2,13000000,10,"['Drama', 'Thriller']",0,0,0,0,0,1,0,0,0,0,0,0,0,0,1,0,0
302,tt1355683,"[""'Drama'"", "" 'Crime'""]",122,2015-09-04,197,1,4,19,3,22,5,1,6.9,53000000,9,"['Drama', 'Crime']",0,0,0,0,1,1,0,0,0,0,0,0,0,0,0,0,0
303,tt2719848,"[""'Adventure'"", "" 'Drama'""]",121,2015-09-10,65,1,2,19,13,21,5,48,7.1,55000000,9,"['Adventure', 'Drama']",0,1,0,0,0,1,0,0,0,0,0,0,0,0,0,0,0
304,tt2120120,"[""'Action'"", "" 'Comedy'"", "" 'Science Fiction'""]",105,2015-07-16,144,1,3,19,11,103,7,37,5.6,88000000,7,"['Action', 'Comedy', 'Science Fiction']",1,0,0,1,0,0,0,0,0,0,0,0,0,1,0,0,0
305,tt1596363,"[""'Comedy'"", "" 'Drama'""]",131,2015-12-11,198,1,3,7,3,8,3,28,7.8,28000000,12,"['Comedy', 'Drama']",0,0,0,1,0,1,0,0,0,0,0,0,0,0,0,0,0
306,tt2080374,"[""'Drama'"", "" 'History'""]",122,2015-10-09,225,1,2,10,4,67,8,23,7.2,30000000,10,"['Drama', 'History']",0,0,0,0,0,1,0,0,1,0,0,0,0,0,0,0,0
307,tt2820852,"[""'Action'"", "" 'Crime'"", "" 'Thriller'"", "" 'Drama'""]",137,2015-04-01,159,1,2,10,10,205,10,63,7.2,190000000,4,"['Action', 'Crime', 'Thriller', 'Drama']",1,0,0,0,1,1,0,0,0,0,0,0,0,0,1,0,0
308,tt3079380,"[""'Action'"", "" 'Comedy'"", "" 'Crime'""]",120,2015-05-06,63,1,1,10,14,61,3,34,7.0,65000000,5,"['Action', 'Comedy', 'Crime']",1,0,0,1,1,0,0,0,0,0,0,0,0,0,0,0,0
309,tt1823672,"[""'Crime'"", "" 'Action'"", "" 'Science Fiction'""]",120,2015-03-04,46,1,2,6,6,30,9,33,6.8,49000000,3,"['Crime', 'Action', 'Science Fiction']",1,0,0,0,1,0,0,0,0,0,0,0,0,1,0,0,0
310,tt3152624,"[""'Comedy'"", "" 'Romance'""]",125,2015-07-17,90,1,1,8,4,8,4,26,6.2,35000000,7,"['Comedy', 'Romance']",0,0,0,1,0,0,0,0,0,0,0,0,1,0,0,0,0
311,tt3460252,"[""'Crime'"", "" 'Drama'"", "" 'Mystery'"", "" 'Western'""]",188,2015-12-25,18,1,1,8,5,27,3,1,7.8,44000000,12,"['Crime', 'Drama', 'Mystery', 'Western']",0,0,0,0,1,1,0,0,0,0,0,1,0,0,0,0,1
312,tt2554274,"[""'Drama'"", "" 'Fantasy'"", "" 'Horror'"", "" 'Mystery'"", "" 'Romance'"", "" 'Thriller'""]",119,2015-10-13,55,1,2,5,5,14,2,23,6.5,55000000,10,"['Drama', 'Fantasy', 'Horror', 'Mystery', 'Romance', 'Thriller']",0,0,0,0,0,1,0,1,0,1,0,1,1,0,1,0,0
313,tt2848292,"[""'Comedy'"", "" 'Music'""]",115,2015-05-07,205,1,2,9,2,13,3,1,6.4,29000000,5,"['Comedy', 'Music']",0,0,0,1,0,0,0,0,0,0,1,0,0,0,0,0,0
314,tt1398426,"[""'Drama'"", "" 'Music'""]",147,2015-08-13,277,1,4,17,3,114,8,21,7.9,28000000,8,"['Drama', 'Music']",0,0,0,0,0,1,0,0,0,0,1,0,0,0,0,0,0
315,tt1663202,"[""'Western'"", "" 'Drama'"", "" 'Adventure'"", "" 'Thriller'""]",157,2015-12-25,74,1,3,19,13,110,10,31,8.0,135000000,12,"['Western', 'Drama', 'Adventure', 'Thriller']",0,1,0,0,0,1,0,0,0,0,0,0,0,0,1,0,1
316,tt0369610,"[""'Action'"", "" 'Adventure'"", "" 'Science Fiction'"", "" 'Thriller'""]",124,2015-06-06,229,1,5,6,6,105,6,46,7.0,150000000,6,"['Action', 'Adventure', 'Science Fiction', 'Thriller']",1,1,0,0,0,0,0,0,0,0,0,0,0,1,1,0,0
317,tt1661199,"[""'Romance'"", "" 'Fantasy'"", "" 'Family'"", "" 'Drama'""]",105,2015-03-12,80,1,2,5,7,31,4,21,6.9,95000000,3,"['Romance', 'Fantasy', 'Family', 'Drama']",0,0,0,0,0,1,1,1,0,0,0,0,1,0,0,0,0
318,tt2361509,"[""'Comedy'""]",121,2015-09-24,121,1,1,8,4,19,1,1,7.1,35000000,9,['Comedy'],0,0,0,1,0,0,0,0,0,0,0,0,0,0,0,0,0
319,tt1895587,"[""'Drama'"", "" 'Thriller'"", "" 'History'""]",129,2015-11-06,150,1,2,16,4,9,4,1,8.1,20000000,11,"['Drama', 'Thriller', 'History']",0,0,0,0,0,1,0,0,1,0,0,0,0,0,1,0,0
320,tt2395427,"[""'Action'"", "" 'Adventure'"", "" 'Science Fiction'""]",141,2015-04-22,143,1,5,16,32,247,2,30,7.4,250000000,4,"['Action', 'Adventure', 'Science Fiction']",1,1,0,0,0,0,0,0,0,0,0,0,0,1,0,0,0
321,tt2379713,"[""'Action'"", "" 'Adventure'"", "" 'Crime'""]",148,2015-10-26,183,1,5,12,27,164,6,45,6.8,245000000,10,"['Action', 'Adventure', 'Crime']",1,1,0,0,1,0,0,0,0,0,0,0,0,0,0,0,0
322,tt2381941,"[""'Romance'"", "" 'Comedy'"", "" 'Crime'"", "" 'Drama'""]",105,2015-02-25,143,2,2,5,12,7,3,37,6.6,50100000,2,"['Romance', 'Comedy', 'Crime', 'Drama']",0,0,0,1,1,1,0,0,0,0,0,0,1,0,0,0,0
323,tt1340138,"[""'Science Fiction'"", "" 'Action'"", "" 'Thriller'"", "" 'Adventure'""]",126,2015-06-23,125,1,4,9,8,112,2,1,6.4,155000000,6,"['Science Fiction', 'Action', 'Thriller', 'Adventure']",1,1,0,0,0,0,0,0,0,0,0,0,0,1,1,0,0
324,tt1617661,"[""'Science Fiction'"", "" 'Fantasy'"", "" 'Action'"", "" 'Adventure'""]",124,2015-02-04,90,2,2,7,14,94,4,39,5.3,176000000,2,"['Science Fiction', 'Fantasy', 'Action', 'Adventure']",1,1,0,0,0,0,0,1,0,0,0,0,0,1,0,0,0
325,tt2322441,"[""'Drama'"", "" 'Romance'"", "" 'Thriller'""]",125,2015-02-11,43,1,2,5,7,5,3,46,4.1,40000000,2,"['Drama', 'Romance', 'Thriller']",0,0,0,0,0,1,0,0,0,0,0,0,1,0,1,0,0
326,tt1392190,"[""'Action'"", "" 'Adventure'"", "" 'Science Fiction'"", "" 'Thriller'""]",121,2015-05-13,78,1,3,11,11,155,4,44,8.1,150000000,5,"['Action', 'Adventure', 'Science Fiction', 'Thriller']",1,1,0,0,0,0,0,0,0,0,0,0,0,1,1,0,0
327,tt1951266,"[""'Action'"", "" 'Adventure'"", "" 'Science Fiction'""]",137,2015-11-18,179,1,3,15,14,203,3,36,6.6,160000000,11,"['Action', 'Adventure', 'Science Fiction']",1,1,0,0,0,0,0,0,0,0,0,0,0,1,0,0,0
328,tt1655441,"[""'Fantasy'"", "" 'Drama'"", "" 'Romance'""]",112,2015-04-16,49,1,2,13,2,7,2,26,7.2,25000000,4,"['Fantasy', 'Drama', 'Romance']",0,0,0,0,0,1,0,1,0,0,0,0,1,0,0,0,0
329,tt1798684,"[""'Action'"", "" 'Drama'""]",123,2015-06-15,159,1,1,21,10,11,4,25,7.4,30000000,6,"['Action', 'Drama']",1,0,0,0,0,1,0,0,0,0,0,0,0,0,0,0,0
330,tt2126355,"[""'Action'"", "" 'Drama'"", "" 'Thriller'""]",114,2015-05-27,245,1,3,9,11,102,4,34,6.1,110000000,5,"['Action', 'Drama', 'Thriller']",1,0,0,0,0,1,0,0,0,0,0,0,0,0,1,0,0
331,tt3076658,"[""'Drama'""]",133,2015-11-25,260,1,3,8,7,20,4,30,7.6,35000000,11,['Drama'],0,0,0,0,0,1,0,0,0,0,0,0,0,0,0,0,0
332,tt3397884,"[""'Action'"", "" 'Crime'"", "" 'Drama'"", "" 'Mystery'"", "" 'Thriller'""]",122,2015-09-17,101,1,1,10,4,45,3,42,7.6,30000000,9,"['Action', 'Crime', 'Drama', 'Mystery', 'Thriller']",1,0,0,0,1,1,0,0,0,0,0,1,0,0,1,0,0
333,tt2637276,"[""'Comedy'""]",115,2015-06-25,325,1,3,11,5,63,5,27,6.3,68000000,6,['Comedy'],0,0,0,1,0,0,0,0,0,0,0,0,0,0,0,0,0
334,tt4263482,"[""'Mystery'"", "" 'Horror'""]",92,2016-02-19,35,1,1,23,5,7,9,1,6.8,4000000,2,"['Mystery', 'Horror']",0,0,0,0,0,0,0,0,0,1,0,1,0,0,0,0,0
335,tt3682448,"[""'Thriller'"", "" 'Drama'""]",141,2015-10-15,172,1,3,10,12,36,8,30,7.6,40000000,10,"['Thriller', 'Drama']",0,0,0,0,0,1,0,0,0,0,0,0,0,0,1,0,0
336,tt2908446,"[""'Action'"", "" 'Adventure'"", "" 'Science Fiction'"", "" 'Thriller'""]",119,2015-03-18,197,1,4,14,8,111,4,35,6.2,110000000,3,"['Action', 'Adventure', 'Science Fiction', 'Thriller']",1,1,0,0,0,0,0,0,0,0,0,0,0,1,1,0,0
337,tt1172049,"[""'Comedy'"", "" 'Drama'""]",101,2016-04-06,47,1,1,17,5,19,4,2,7.0,10000000,4,"['Comedy', 'Drama']",0,0,0,1,0,1,0,0,0,0,0,0,0,0,0,0,0
338,tt2510894,"[""'Animation'"", "" 'Comedy'"", "" 'Family'"", "" 'Fantasy'""]",89,2015-09-21,86,1,3,7,1,3,7,31,6.7,80000000,9,"['Animation', 'Comedy', 'Family', 'Fantasy']",0,0,1,1,0,0,1,1,0,0,0,0,0,0,0,0,0
339,tt2224026,"[""'Fantasy'"", "" 'Comedy'"", "" 'Animation'"", "" 'Science Fiction'"", "" 'Family'""]",94,2015-03-18,11,1,3,3,244,12,1,33,6.6,135000000,3,"['Fantasy', 'Comedy', 'Animation', 'Science Fiction', 'Family']",0,0,1,1,0,0,1,1,0,0,0,0,0,1,0,0,0
340,tt3622592,"[""'Drama'"", "" 'Mystery'"", "" 'Romance'""]",109,2015-06-18,64,1,3,8,4,43,2,19,6.3,12000000,6,"['Drama', 'Mystery', 'Romance']",0,0,0,0,0,1,0,0,0,0,0,1,1,0,0,0,0
341,tt3316948,"[""'Comedy'"", "" 'Action'""]",96,2015-08-19,80,1,1,18,2,35,6,3,6.1,28000000,8,"['Comedy', 'Action']",1,0,0,1,0,0,0,0,0,0,0,0,0,0,0,0,0
342,tt2503944,"[""'Drama'"", "" 'Comedy'""]",100,2015-10-02,73,1,2,15,11,10,3,1,6.6,20000000,10,"['Drama', 'Comedy']",0,0,0,1,0,1,0,0,0,0,0,0,0,0,0,0,0
343,tt2140379,"[""'Science Fiction'"", "" 'Mystery'"", "" 'Thriller'""]",116,2015-07-10,77,1,2,9,6,43,2,1,6.5,26000000,7,"['Science Fiction', 'Mystery', 'Thriller']",0,0,0,0,0,0,0,0,0,0,0,1,0,1,1,0,0
344,tt2631186,"[""'Action'"", "" 'Fantasy'"", "" 'Drama'""]",158,2015-07-10,25,1,6,6,6,11,1,20,8.2,18026148,7,"['Action', 'Fantasy', 'Drama']",1,0,0,0,0,1,0,1,0,0,0,0,0,0,0,0,0
345,tt3322364,"[""'Drama'""]",123,2015-11-12,150,1,2,11,2,3,5,20,7.1,35000000,11,['Drama'],0,0,0,0,0,1,0,0,0,0,0,0,0,0,0,0,0
346,tt3567288,"[""'Horror'"", "" 'Thriller'"", "" 'Mystery'""]",94,2015-09-10,28,1,1,5,5,28,2,21,6.2,5000000,9,"['Horror', 'Thriller', 'Mystery']",0,0,0,0,0,0,0,0,0,1,0,1,0,0,1,0,0
347,tt2402927,"[""'Romance'"", "" 'Drama'""]",118,2015-11-20,81,1,2,13,3,41,11,1,7.2,11800000,11,"['Romance', 'Drama']",0,0,0,0,0,1,0,0,0,0,0,0,1,0,0,0,0
348,tt2494362,"[""'Horror'"", "" 'Western'"", "" 'Adventure'"", "" 'Drama'"", "" 'Thriller'""]",132,2015-10-23,34,1,1,14,3,39,6,3,7.1,1800000,10,"['Horror', 'Western', 'Adventure', 'Drama', 'Thriller']",0,1,0,0,0,1,0,0,0,1,0,0,0,0,1,0,1
349,tt1365050,"[""'Drama'"", "" 'War'""]",137,2015-09-11,64,1,2,26,4,1,7,5,7.8,6000000,9,"['Drama', 'War']",0,0,0,0,0,1,0,0,0,0,0,0,0,0,0,1,0
350,tt0884732,"[""'Comedy'""]",101,2015-01-16,98,1,2,10,3,35,4,23,6.7,23000000,1,['Comedy'],0,0,0,1,0,0,0,0,0,0,0,0,0,0,0,0,0
351,tt1528854,"[""'Comedy'""]",96,2015-12-25,134,1,3,11,4,30,3,38,6.1,50000000,12,['Comedy'],0,0,0,1,0,0,0,0,0,0,0,0,0,0,0,0,0
352,tt3332064,"[""'Adventure'"", "" 'Family'"", "" 'Fantasy'""]",111,2015-09-24,75,1,2,5,11,111,5,28,5.8,150000000,9,"['Adventure', 'Family', 'Fantasy']",0,1,0,0,0,0,1,1,0,0,0,0,0,0,0,0,0
353,tt3072482,"[""'Action'"", "" 'Adventure'"", "" 'Science Fiction'""]",97,2015-09-12,96,1,2,28,23,11,3,29,6.7,2000000,9,"['Action', 'Adventure', 'Science Fiction']",1,1,0,0,0,0,0,0,0,0,0,0,0,1,0,0,0
354,tt1390411,"[""'Thriller'"", "" 'Drama'"", "" 'Adventure'"", "" 'Action'"", "" 'History'""]",122,2015-11-20,70,1,4,12,11,36,10,33,6.9,100000000,11,"['Thriller', 'Drama', 'Adventure', 'Action', 'History']",1,1,0,0,0,1,0,0,1,0,0,0,0,0,1,0,0
355,tt2400463,"[""'Thriller'""]",100,2015-08-05,16,1,2,17,2,5,4,2,6.7,67877,8,['Thriller'],0,0,0,0,0,0,0,0,0,0,0,0,0,0,1,0,0
356,tt2057392,"[""'Drama'"", "" 'Thriller'"", "" 'War'""]",102,2015-09-11,75,1,1,12,2,28,2,1,7.3,13000000,9,"['Drama', 'Thriller', 'War']",0,0,0,0,0,1,0,0,0,0,0,0,0,0,1,1,0
357,tt2401878,"[""'Animation'"", "" 'Comedy'"", "" 'Drama'"", "" 'Romance'""]",90,2015-12-30,3,2,1,16,11,14,5,1,7.3,8000000,12,"['Animation', 'Comedy', 'Drama', 'Romance']",0,0,1,1,0,1,0,0,0,0,0,0,1,0,0,0,0
358,tt4062536,"[""'Horror'"", "" 'Crime'"", "" 'Thriller'""]",95,2016-04-15,31,1,1,8,4,10,2,2,7.0,5000000,4,"['Horror', 'Crime', 'Thriller']",0,0,0,0,1,0,0,0,0,1,0,0,0,0,1,0,0
359,tt3195644,"[""'Drama'"", "" 'Horror'"", "" 'Thriller'""]",97,2015-06-04,36,1,1,14,4,13,6,1,6.1,10000000,6,"['Drama', 'Horror', 'Thriller']",0,0,0,0,0,1,0,0,0,1,0,0,0,0,1,0,0
360,tt2381111,"[""'Drama'"", "" 'Romance'""]",111,2015-10-20,49,1,2,18,5,1,21,1,7.5,11000000,10,"['Drama', 'Romance']",0,0,0,0,0,1,0,0,0,0,0,0,1,0,0,0,0
361,tt1014763,"[""'Crime'"", "" 'Thriller'""]",137,2015-03-15,76,1,3,13,4,43,4,2,6.5,50000000,3,"['Crime', 'Thriller']",0,0,0,0,1,0,0,0,0,0,0,0,0,0,1,0,0
362,tt3850214,"[""'Crime'"", "" 'Drama'"", "" 'Comedy'""]",103,2015-06-19,46,1,1,11,1,9,4,1,7.2,7000000,6,"['Crime', 'Drama', 'Comedy']",0,0,0,1,1,1,0,0,0,0,0,0,0,0,0,0,0
363,tt3605418,"[""'Drama'"", "" 'Thriller'""]",99,2015-06-26,10,1,5,12,3,1,6,1,4.9,2500000,6,"['Drama', 'Thriller']",0,0,0,0,0,1,0,0,0,0,0,0,0,0,1,0,0
364,tt1618442,"[""'Fantasy'"", "" 'Action'"", "" 'Adventure'"", "" 'Science Fiction'""]",106,2015-10-21,142,1,3,14,6,32,7,26,6.0,90000000,10,"['Fantasy', 'Action', 'Adventure', 'Science Fiction']",1,1,0,0,0,0,0,1,0,0,0,0,0,1,0,0,0
365,tt3488710,"[""'Adventure'"", "" 'Drama'"", "" 'Thriller'""]",123,2015-09-30,81,1,3,6,2,8,4,25,7.3,35000000,9,"['Adventure', 'Drama', 'Thriller']",0,1,0,0,0,1,0,0,0,0,0,0,0,0,1,0,0
366,tt2436386,"[""'Science Fiction'"", "" 'Thriller'""]",106,2015-01-28,67,1,2,7,28,8,4,21,6.4,12000000,1,"['Science Fiction', 'Thriller']",0,0,0,0,0,0,0,0,0,0,0,0,0,1,1,0,0
367,tt2726560,"[""'Drama'"", "" 'Romance'""]",128,2015-04-09,190,1,2,10,3,13,3,22,7.1,34000000,4,"['Drama', 'Romance']",0,0,0,0,0,1,0,0,0,0,0,0,1,0,0,0,0
368,tt3203606,"[""'Drama'""]",124,2015-10-27,135,1,2,11,4,3,3,2,7.5,15000000,10,['Drama'],0,0,0,0,0,1,0,0,0,0,0,0,0,0,0,0,0
369,tt1850457,"[""'Comedy'""]",118,2015-12-18,115,1,1,9,4,24,1,15,6.0,30000000,12,['Comedy'],0,0,0,1,0,0,0,0,0,0,0,0,0,0,0,0,0
370,tt2199571,"[""'Action'"", "" 'Crime'"", "" 'Drama'"", "" 'Mystery'"", "" 'Thriller'""]",114,2015-03-11,112,1,1,7,4,63,4,36,6.6,50000000,3,"['Action', 'Crime', 'Drama', 'Mystery', 'Thriller']",1,0,0,0,1,1,0,0,0,0,0,1,0,0,1,0,0
371,tt3863552,"[""'Action'"", "" 'Comedy'"", "" 'Drama'""]",163,2015-07-17,124,1,5,9,4,2,5,1,8.0,2425000,7,"['Action', 'Comedy', 'Drama']",1,0,0,1,0,1,0,0,0,0,0,0,0,0,0,0,0
372,tt2446980,"[""'Drama'"", "" 'Comedy'""]",124,2015-12-24,158,1,2,14,6,7,5,28,6.6,60000000,12,"['Drama', 'Comedy']",0,0,0,1,0,1,0,0,0,0,0,0,0,0,0,0,0
373,tt1083452,"[""'Comedy'"", "" 'Drama'"", "" 'History'"", "" 'Adventure'""]",106,2016-02-26,54,1,2,15,13,45,4,21,7.4,23000000,2,"['Comedy', 'Drama', 'History', 'Adventure']",0,1,0,1,0,1,0,0,1,0,0,0,0,0,0,0,0
374,tt3045616,"[""'Comedy'"", "" 'Adventure'""]",106,2015-01-21,82,1,2,9,6,88,4,27,5.5,60000000,1,"['Comedy', 'Adventure']",0,1,0,1,0,0,0,0,0,0,0,0,0,0,0,0,0
375,tt3168230,"[""'Drama'"", "" 'Mystery'""]",103,2015-06-19,63,1,3,17,7,1,7,1,6.9,10000000,6,"['Drama', 'Mystery']",0,0,0,0,0,1,0,0,0,0,0,1,0,0,0,0,0
376,tt1666801,"[""'Romance'"", "" 'Comedy'""]",100,2015-02-20,70,1,2,7,2,2,3,1,6.5,8500000,2,"['Romance', 'Comedy']",0,0,0,1,0,0,0,0,0,0,0,0,1,0,0,0,0
377,tt1524930,"[""'Comedy'""]",99,2015-07-28,101,2,3,9,4,43,3,21,6.1,31000000,7,['Comedy'],0,0,0,1,0,0,0,0,0,0,0,0,0,0,0,0,0
378,tt2679042,"[""'Action'"", "" 'Crime'"", "" 'Thriller'""]",96,2015-08-20,55,1,4,14,6,64,11,29,5.7,35000000,8,"['Action', 'Crime', 'Thriller']",1,0,0,0,1,0,0,0,0,0,0,0,0,0,1,0,0
380,tt1674771,"[""'Comedy'""]",104,2015-06-03,168,1,2,11,9,42,6,23,6.6,30000000,6,['Comedy'],0,0,0,1,0,0,0,0,0,0,0,0,0,0,0,0,0
381,tt1051904,"[""'Adventure'"", "" 'Horror'"", "" 'Comedy'""]",103,2015-08-05,87,1,4,8,2,43,10,30,6.3,58000000,8,"['Adventure', 'Horror', 'Comedy']",0,1,0,1,0,0,0,0,0,1,0,0,0,0,0,0,0
382,tt1781922,"[""'Action'"", "" 'Thriller'""]",103,2015-08-26,46,1,2,10,4,85,3,1,6.8,16200000,8,"['Action', 'Thriller']",1,0,0,0,0,0,0,0,0,0,0,0,0,0,1,0,0
383,tt3530002,"[""'Comedy'""]",101,2015-11-20,90,1,4,13,7,45,4,14,6.4,25000000,11,['Comedy'],0,0,0,1,0,0,0,0,0,0,0,0,0,0,0,0,0
384,tt2582496,"[""'Comedy'"", "" 'Drama'""]",105,2015-06-12,58,1,1,7,3,25,1,14,7.8,8000000,6,"['Comedy', 'Drama']",0,0,0,1,0,1,0,0,0,0,0,0,0,0,0,0,0
385,tt1979388,"[""'Adventure'"", "" 'Animation'"", "" 'Family'""]",93,2015-11-14,27,1,7,5,1,72,2,28,6.7,200000000,11,"['Adventure', 'Animation', 'Family']",0,1,1,0,0,0,1,0,0,0,0,0,0,0,0,0,0
386,tt2561572,"[""'Comedy'""]",100,2015-03-26,154,1,4,8,4,42,2,21,6.0,40000000,3,['Comedy'],0,0,0,1,0,0,0,0,0,0,0,0,0,0,0,0,0
387,tt1959490,"[""'Drama'"", "" 'Adventure'""]",138,2014-03-07,127,1,2,9,10,104,5,26,5.8,125000000,3,"['Drama', 'Adventure']",0,1,0,0,0,1,0,0,0,0,0,0,0,0,0,0,0
388,tt2557490,"[""'Comedy'"", "" 'Western'""]",116,2014-05-22,154,1,3,11,4,47,4,29,6.1,40000000,5,"['Comedy', 'Western']",0,0,0,1,0,0,0,0,0,0,0,0,0,0,0,0,1
389,tt2084970,"[""'History'"", "" 'Drama'"", "" 'Thriller'"", "" 'War'""]",113,2014-11-14,79,1,2,5,5,6,4,2,8.0,14000000,11,"['History', 'Drama', 'Thriller', 'War']",0,0,0,0,0,1,0,0,1,0,0,0,0,0,1,1,0
390,tt2562232,"[""'Drama'"", "" 'Comedy'""]",120,2014-08-27,120,1,5,12,10,38,6,29,7.7,18000000,8,"['Drama', 'Comedy']",0,0,0,1,0,1,0,0,0,0,0,0,0,0,0,0,0
391,tt1291150,"[""'Science Fiction'"", "" 'Action'"", "" 'Adventure'"", "" 'Fantasy'"", "" 'Comedy'""]",101,2014-08-07,134,1,5,14,7,145,6,33,5.8,125000000,8,"['Science Fiction', 'Action', 'Adventure', 'Fantasy', 'Comedy']",1,1,0,1,0,0,0,1,0,0,0,0,0,1,0,0,0
392,tt0831387,"[""'Action'"", "" 'Drama'"", "" 'Science Fiction'""]",123,2014-05-14,174,1,7,13,16,183,5,44,6.4,160000000,5,"['Action', 'Drama', 'Science Fiction']",1,0,0,0,0,1,0,0,0,0,0,0,0,1,0,0,0
393,tt2872718,"[""'Crime'"", "" 'Drama'"", "" 'Thriller'""]",118,2014-10-23,54,1,1,10,6,45,3,1,7.9,8500000,10,"['Crime', 'Drama', 'Thriller']",0,0,0,0,1,1,0,0,0,0,0,0,0,0,1,0,0
394,tt2321549,"[""'Drama'"", "" 'Thriller'"", "" 'Horror'""]",93,2014-05-22,36,1,1,8,5,4,5,2,6.8,2000000,5,"['Drama', 'Thriller', 'Horror']",0,0,0,0,0,1,0,0,0,1,0,0,0,0,1,0,0
395,tt2582846,"[""'Romance'"", "" 'Drama'""]",125,2014-05-16,92,1,3,5,5,1,3,29,7.7,12000000,5,"['Romance', 'Drama']",0,0,0,0,0,1,0,0,0,0,0,0,1,0,0,0,0
396,tt2278388,"[""'Comedy'"", "" 'Drama'""]",99,2014-02-26,102,1,3,11,4,7,6,30,8.1,25000000,2,"['Comedy', 'Drama']",0,0,0,1,0,1,0,0,0,0,0,0,0,0,0,0,0
397,tt0816692,"[""'Adventure'"", "" 'Drama'"", "" 'Science Fiction'""]",169,2014-11-05,44,1,2,20,22,26,7,40,8.6,165000000,11,"['Adventure', 'Drama', 'Science Fiction']",0,1,0,0,0,1,0,0,0,0,0,0,0,1,0,0,0
398,tt2980516,"[""'Drama'"", "" 'Romance'""]",123,2014-11-26,110,1,2,9,6,5,3,24,7.7,15000000,11,"['Drama', 'Romance']",0,0,0,0,0,1,0,0,0,0,0,0,1,0,0,0,0
399,tt1490017,"[""'Adventure'"", "" 'Animation'"", "" 'Comedy'"", "" 'Family'"", "" 'Fantasy'""]",100,2014-02-06,35,2,9,18,43,18,13,51,7.8,60000000,2,"['Adventure', 'Animation', 'Comedy', 'Family', 'Fantasy']",0,1,1,1,0,0,1,1,0,0,0,0,0,0,0,0,0
400,tt1872194,"[""'Drama'""]",141,2014-10-08,154,1,3,9,5,11,4,38,7.4,50000000,10,['Drama'],0,0,0,0,0,1,0,0,0,0,0,0,0,0,0,0,0
401,tt2024469,"[""'Action'"", "" 'Thriller'"", "" 'Mystery'""]",106,2014-02-26,83,1,3,12,3,34,7,51,7.0,50000000,2,"['Action', 'Thriller', 'Mystery']",1,0,0,0,0,0,0,0,0,0,0,1,0,0,1,0,0
402,tt0829150,"[""'Horror'"", "" 'Action'"", "" 'Drama'"", "" 'Fantasy'"", "" 'War'""]",92,2014-10-01,106,1,3,5,8,74,5,35,6.3,70000000,10,"['Horror', 'Action', 'Drama', 'Fantasy', 'War']",1,0,0,0,0,1,0,1,0,1,0,0,0,0,0,1,0
403,tt2004420,"[""'Comedy'""]",96,2014-05-08,95,1,2,9,4,14,2,32,6.3,18000000,5,['Comedy'],0,0,0,1,0,0,0,0,0,0,0,0,0,0,0,0,0
404,tt2310332,"[""'Action'"", "" 'Adventure'"", "" 'Fantasy'""]",144,2014-12-10,136,1,5,9,6,131,4,55,7.4,250000000,12,"['Action', 'Adventure', 'Fantasy']",1,1,0,0,0,0,0,1,0,0,0,0,0,0,0,0,0
405,tt0470752,"[""'Drama'"", "" 'Science Fiction'""]",108,2015-01-21,15,1,1,9,3,3,4,36,7.7,15000000,1,"['Drama', 'Science Fiction']",0,0,0,0,0,1,0,0,0,0,0,0,0,1,0,0,0
406,tt3235888,"[""'Horror'"", "" 'Thriller'""]",101,2014-11-13,28,1,1,14,3,25,3,1,6.8,1000000,11,"['Horror', 'Thriller']",0,0,0,0,0,0,0,0,0,1,0,0,0,0,1,0,0
407,tt1587310,"[""'Fantasy'"", "" 'Adventure'"", "" 'Action'"", "" 'Family'"", "" 'Romance'""]",97,2014-05-28,83,1,9,11,12,82,2,32,7.0,180000000,5,"['Fantasy', 'Adventure', 'Action', 'Family', 'Romance']",1,1,0,0,0,0,1,1,0,0,0,0,1,0,0,0,0
408,tt2788710,"[""'Action'"", "" 'Comedy'""]",112,2014-12-25,83,2,3,10,2,38,3,25,6.5,44000000,12,"['Action', 'Comedy']",1,0,0,1,0,0,0,0,0,0,0,0,0,0,0,0,0
409,tt2397535,"[""'Science Fiction'"", "" 'Thriller'""]",97,2014-08-28,67,2,3,8,5,21,5,1,7.5,44028,8,"['Science Fiction', 'Thriller']",0,0,0,0,0,0,0,0,0,0,0,0,0,1,1,0,0
410,tt2883512,"[""'Comedy'""]",114,2014-05-08,83,1,1,25,7,13,2,2,7.3,11000000,5,['Comedy'],0,0,0,1,0,0,0,0,0,0,0,0,0,0,0,0,0
411,tt1253863,"[""'Action'"", "" 'War'"", "" 'Drama'""]",102,2014-03-05,75,1,3,13,9,110,6,44,6.2,110000000,3,"['Action', 'War', 'Drama']",1,0,0,0,0,1,0,0,0,0,0,0,0,0,0,1,0
412,tt2267998,"[""'Mystery'"", "" 'Thriller'"", "" 'Drama'""]",149,2014-10-01,111,1,1,7,4,2,5,44,8.1,61000000,10,"['Mystery', 'Thriller', 'Drama']",0,0,0,0,0,1,0,0,0,0,0,1,0,0,1,0,0
413,tt2103281,"[""'Science Fiction'"", "" 'Action'"", "" 'Drama'"", "" 'Thriller'""]",130,2014-06-26,96,1,4,8,10,120,4,44,7.6,170000000,6,"['Science Fiction', 'Action', 'Drama', 'Thriller']",1,0,0,0,0,1,0,0,0,0,0,0,0,1,1,0,0
414,tt1951265,"[""'Science Fiction'"", "" 'Adventure'"", "" 'Thriller'""]",123,2014-11-18,124,1,3,8,12,152,2,41,6.7,125000000,11,"['Science Fiction', 'Adventure', 'Thriller']",0,1,0,0,0,0,0,0,0,0,0,0,0,1,1,0,0
415,tt1646971,"[""'Fantasy'"", "" 'Action'"", "" 'Adventure'"", "" 'Animation'"", "" 'Comedy'"", "" 'Family'""]",102,2014-06-09,19,1,2,10,1,81,2,37,7.8,145000000,6,"['Fantasy', 'Action', 'Adventure', 'Animation', 'Comedy', 'Family']",1,1,1,1,0,0,1,1,0,0,0,0,0,0,0,0,0
416,tt1840309,"[""'Action'"", "" 'Adventure'"", "" 'Science Fiction'""]",139,2014-03-14,181,1,3,7,10,92,2,32,6.7,85000000,3,"['Action', 'Adventure', 'Science Fiction']",1,1,0,0,0,0,0,0,0,0,0,0,0,1,0,0,0
417,tt2872732,"[""'Action'"", "" 'Science Fiction'""]",89,2014-07-25,65,1,1,2,25,83,8,1,6.4,40000000,7,"['Action', 'Science Fiction']",1,0,0,0,0,0,0,0,0,0,0,0,0,1,0,0,0
418,tt2911666,"[""'Action'"", "" 'Thriller'""]",101,2014-10-22,77,2,1,19,5,72,8,2,7.3,20000000,10,"['Action', 'Thriller']",1,0,0,0,0,0,0,0,0,0,0,0,0,0,1,0,0
419,tt2582802,"[""'Drama'""]",107,2014-10-10,54,1,1,14,4,5,4,2,8.5,3300000,10,['Drama'],0,0,0,0,0,1,0,0,0,0,0,0,0,0,0,0,0
420,tt2109248,"[""'Science Fiction'"", "" 'Action'"", "" 'Adventure'""]",165,2014-06-25,137,1,1,19,16,144,10,51,5.7,210000000,6,"['Science Fiction', 'Action', 'Adventure']",1,1,0,0,0,0,0,0,0,0,0,0,0,1,0,0,0
421,tt1877832,"[""'Action'"", "" 'Adventure'"", "" 'Fantasy'"", "" 'Science Fiction'""]",131,2014-05-15,108,1,5,11,13,133,7,43,8.0,200000000,5,"['Action', 'Adventure', 'Fantasy', 'Science Fiction']",1,1,0,0,0,0,0,1,0,0,0,0,0,1,0,0,0
422,tt2179136,"[""'War'"", "" 'Action'""]",133,2014-12-11,148,1,4,14,12,34,6,42,7.3,58800000,12,"['War', 'Action']",1,0,0,0,0,0,0,0,0,0,0,0,0,0,0,1,0
423,tt2015381,"[""'Action'"", "" 'Science Fiction'"", "" 'Adventure'""]",121,2014-07-30,127,1,11,10,15,105,3,37,8.1,170000000,7,"['Action', 'Science Fiction', 'Adventure']",1,1,0,0,0,0,0,0,0,0,0,0,0,1,0,0,0
424,tt1843866,"[""'Action'"", "" 'Adventure'"", "" 'Science Fiction'""]",136,2014-03-20,239,2,7,9,7,148,3,48,7.8,170000000,3,"['Action', 'Adventure', 'Science Fiction']",1,1,0,0,0,0,0,0,0,0,0,0,0,1,0,0,0
425,tt0455944,"[""'Thriller'"", "" 'Action'"", "" 'Crime'""]",132,2014-09-24,129,1,3,13,3,29,7,38,7.2,55000000,9,"['Thriller', 'Action', 'Crime']",1,0,0,0,1,0,0,0,0,0,0,0,0,0,1,0,0
426,tt2209764,"[""'Thriller'"", "" 'Science Fiction'"", "" 'Drama'"", "" 'Mystery'""]",119,2014-04-16,90,1,1,16,4,71,4,50,6.3,100000000,4,"['Thriller', 'Science Fiction', 'Drama', 'Mystery']",0,0,0,0,0,1,0,0,0,0,0,1,0,1,1,0,0
427,tt2446042,"[""'Thriller'"", "" 'Action'""]",109,2014-12-16,92,1,2,3,9,87,10,1,6.0,48000000,12,"['Thriller', 'Action']",1,0,0,0,0,0,0,0,0,0,0,0,0,0,1,0,0
428,tt1631867,"[""'Action'"", "" 'Science Fiction'""]",113,2014-05-27,93,1,4,15,17,61,8,41,7.9,178000000,5,"['Action', 'Science Fiction']",1,0,0,0,0,0,0,0,0,0,0,0,0,1,0,0,0
429,tt1872181,"[""'Action'"", "" 'Adventure'"", "" 'Fantasy'""]",142,2014-04-16,215,1,6,8,11,93,4,33,6.6,200000000,4,"['Action', 'Adventure', 'Fantasy']",1,1,0,0,0,0,0,1,0,0,0,0,0,0,0,0,0
430,tt2245084,"[""'Adventure'"", "" 'Family'"", "" 'Animation'"", "" 'Action'"", "" 'Comedy'""]",102,2014-10-24,47,2,6,4,2,13,3,32,7.8,165000000,10,"['Adventure', 'Family', 'Animation', 'Action', 'Comedy']",1,1,1,1,0,0,1,0,0,0,0,0,0,0,0,0,0
431,tt2713180,"[""'War'"", "" 'Drama'"", "" 'Action'""]",135,2014-10-15,132,1,1,11,4,47,6,1,7.6,68000000,10,"['War', 'Drama', 'Action']",1,0,0,0,0,1,0,0,0,0,0,0,0,0,0,1,0
432,tt1234721,"[""'Action'"", "" 'Science Fiction'""]",102,2014-01-30,102,1,3,6,6,190,4,45,6.2,100000000,1,"['Action', 'Science Fiction']",1,0,0,0,0,0,0,0,0,0,0,0,0,1,0,0,0
433,tt1790864,"[""'Action'"", "" 'Mystery'"", "" 'Science Fiction'"", "" 'Thriller'""]",113,2014-09-10,53,1,4,7,2,27,6,33,6.8,34000000,9,"['Action', 'Mystery', 'Science Fiction', 'Thriller']",1,0,0,0,0,0,0,0,0,0,0,1,0,1,1,0,0
434,tt2802144,"[""'Crime'"", "" 'Comedy'"", "" 'Action'"", "" 'Adventure'""]",129,2015-01-24,130,1,4,9,1,139,4,36,7.7,81000000,1,"['Crime', 'Comedy', 'Action', 'Adventure']",1,1,0,1,1,0,0,0,0,0,0,0,0,0,0,0,0
435,tt2294449,"[""'Crime'"", "" 'Comedy'"", "" 'Action'""]",112,2014-06-05,133,2,6,11,5,101,10,30,7.0,50000000,6,"['Crime', 'Comedy', 'Action']",1,0,0,1,1,0,0,0,0,0,0,0,0,0,0,0,0
436,tt1065073,"[""'Drama'""]",164,2014-06-05,100,1,1,9,9,5,2,1,7.9,4000000,6,['Drama'],0,0,0,0,0,1,0,0,0,0,0,0,0,0,0,0,0
437,tt1418377,"[""'Horror'"", "" 'Thriller'""]",92,2014-01-22,44,1,3,14,11,57,4,1,5.1,65000000,1,"['Horror', 'Thriller']",0,0,0,0,0,0,0,0,0,1,0,0,0,0,1,0,0
438,tt3011894,"[""'Drama'"", "" 'Thriller'"", "" 'Comedy'""]",125,2014-08-21,69,1,2,8,5,15,6,1,8.1,3300000,8,"['Drama', 'Thriller', 'Comedy']",0,0,0,1,0,1,0,0,0,0,0,0,0,0,1,0,0
439,tt2096672,"[""'Comedy'""]",110,2014-11-12,151,2,6,14,7,51,5,49,5.6,40000000,11,['Comedy'],0,0,0,1,0,0,0,0,0,0,0,0,0,0,0,0,0
440,tt0458481,"[""'Crime'"", "" 'Thriller'""]",102,2014-08-20,86,2,1,33,3,32,5,1,6.5,65000000,8,"['Crime', 'Thriller']",0,0,0,0,1,0,0,0,0,0,0,0,0,0,1,0,0
441,tt1126590,"[""'Drama'""]",105,2014-12-24,104,1,2,11,10,9,4,33,7.0,10000000,12,['Drama'],0,0,0,0,0,1,0,0,0,0,0,0,0,0,0,0,0
442,tt1956620,"[""'Comedy'""]",97,2014-07-17,112,1,3,9,2,8,5,29,5.1,40000000,7,['Comedy'],0,0,0,1,0,0,0,0,0,0,0,0,0,0,0,0,0
443,tt2333784,"[""'Action'"", "" 'Adventure'"", "" 'Thriller'""]",127,2014-08-04,39,1,4,18,9,100,6,34,6.1,90000000,8,"['Action', 'Adventure', 'Thriller']",1,1,0,0,0,0,0,0,0,0,0,0,0,0,1,0,0
444,tt2357291,"[""'Adventure'"", "" 'Comedy'"", "" 'Family'"", "" 'Music'"", "" 'Animation'""]",102,2014-03-19,73,1,6,3,133,41,3,30,6.3,103000000,3,"['Adventure', 'Comedy', 'Family', 'Music', 'Animation']",0,1,1,1,0,0,1,0,0,0,1,0,0,0,0,0,0
445,tt3316960,"[""'Drama'""]",101,2014-12-05,32,2,3,17,3,11,6,2,7.5,5000000,12,['Drama'],0,0,0,0,0,1,0,0,0,0,0,0,0,0,0,0,0
446,tt2170593,"[""'Comedy'""]",102,2014-10-09,71,1,1,15,5,1,4,22,7.3,13000000,10,['Comedy'],0,0,0,1,0,0,0,0,0,0,0,0,0,0,0,0,0
447,tt1809398,"[""'Drama'"", "" 'War'""]",137,2014-12-25,122,1,5,11,7,42,3,20,7.2,65000000,12,"['Drama', 'War']",0,0,0,0,0,1,0,0,0,0,0,0,0,0,0,1,0
448,tt3416742,"[""'Comedy'"", "" 'Horror'""]",86,2014-06-19,60,2,2,6,17,1,5,24,7.7,1600000,6,"['Comedy', 'Horror']",0,0,0,1,0,0,0,0,0,1,0,0,0,0,0,0,0
449,tt2980592,"[""'Mystery'"", "" 'Thriller'"", "" 'Action'""]",99,2014-09-17,36,1,1,6,4,16,2,16,6.7,5000000,9,"['Mystery', 'Thriller', 'Action']",1,0,0,0,0,0,0,0,0,0,0,1,0,0,1,0,0
450,tt0365907,"[""'Crime'"", "" 'Drama'"", "" 'Mystery'"", "" 'Thriller'""]",113,2014-09-18,71,1,2,19,2,23,8,48,6.5,28000000,9,"['Crime', 'Drama', 'Mystery', 'Thriller']",0,0,0,0,1,1,0,0,0,0,0,1,0,0,1,0,0
451,tt1100089,"[""'Drama'"", "" 'Thriller'""]",134,2014-05-19,163,1,2,14,7,5,3,1,7.0,24000000,5,"['Drama', 'Thriller']",0,0,0,0,0,1,0,0,0,0,0,0,0,0,1,0,0
452,tt1972571,"[""'Thriller'""]",121,2014-07-25,31,1,3,14,5,19,8,2,6.8,15000000,7,['Thriller'],0,0,0,0,0,0,0,0,0,0,0,0,0,0,1,0,0
453,tt1921064,"[""'Action'"", "" 'Adventure'"", "" 'History'"", "" 'Romance'"", "" 'Drama'""]",105,2014-02-18,47,1,3,9,4,160,5,1,5.5,100000000,2,"['Action', 'Adventure', 'History', 'Romance', 'Drama']",1,1,0,0,0,1,0,0,1,0,0,0,1,0,0,0,0
454,tt1121096,"[""'Adventure'"", "" 'Fantasy'""]",102,2014-12-12,46,1,4,10,6,68,7,23,5.5,95000000,12,"['Adventure', 'Fantasy']",0,1,0,0,0,0,0,1,0,0,0,0,0,0,0,0,0
455,tt2884206,"[""'Science Fiction'"", "" 'Drama'""]",106,2014-07-18,33,1,1,19,3,26,4,1,7.4,27652,7,"['Science Fiction', 'Drama']",0,0,0,0,0,1,0,0,0,0,0,0,0,1,0,0,0
456,tt2180411,"[""'Fantasy'"", "" 'Comedy'""]",125,2014-12-25,47,1,1,6,13,89,5,22,6.0,50000000,12,"['Fantasy', 'Comedy']",0,0,0,1,0,0,0,1,0,0,0,0,0,0,0,0,0
457,tt3322940,"[""'Horror'""]",99,2014-10-02,26,1,1,10,2,12,5,34,5.4,6500000,10,['Horror'],0,0,0,0,0,0,0,0,0,1,0,0,0,0,0,0,0
458,tt1605717,"[""'Comedy'"", "" 'Drama'"", "" 'Mystery'""]",95,2014-05-02,55,1,2,9,3,11,4,1,7.0,16056,5,"['Comedy', 'Drama', 'Mystery']",0,0,0,1,0,1,0,0,0,0,0,1,0,0,0,0,0
459,tt2203939,"[""'Comedy'"", "" 'Romance'""]",109,2014-04-16,89,1,1,5,4,11,2,26,6.0,40000000,4,"['Comedy', 'Romance']",0,0,0,1,0,0,0,0,0,0,0,0,1,0,0,0,0
460,tt1355630,"[""'Drama'""]",106,2014-08-21,50,1,2,7,3,6,3,27,6.8,11000000,8,['Drama'],0,0,0,0,0,1,0,0,0,0,0,0,0,0,0,0,0
461,tt0435651,"[""'Drama'"", "" 'Science Fiction'""]",94,2014-08-11,26,1,3,14,7,30,6,33,6.5,25000000,8,"['Drama', 'Science Fiction']",0,0,0,0,0,1,0,0,0,0,0,0,0,1,0,0,0
462,tt1791528,"[""'Comedy'"", "" 'Romance'"", "" 'Crime'"", "" 'Drama'"", "" 'Mystery'""]",148,2014-12-25,109,1,2,8,3,13,4,30,6.7,20000000,12,"['Comedy', 'Romance', 'Crime', 'Drama', 'Mystery']",0,0,0,1,1,1,0,0,0,0,0,1,1,0,0,0,0
463,tt1638002,"[""'Comedy'"", "" 'Romance'""]",102,2014-10-16,54,1,2,10,4,8,2,1,7.2,14893,10,"['Comedy', 'Romance']",0,0,0,1,0,0,0,0,0,0,0,0,1,0,0,0,0
464,tt1086772,"[""'Comedy'""]",117,2014-05-21,89,1,2,14,6,12,4,31,6.5,40000000,5,['Comedy'],0,0,0,1,0,0,0,0,0,0,0,0,0,0,0,0,0
465,tt3007512,"[""'War'"", "" 'Drama'""]",112,2014-12-25,82,1,2,12,8,35,5,22,7.1,22500000,12,"['War', 'Drama']",0,0,0,0,0,1,0,0,0,0,0,0,0,0,0,1,0
466,tt2170439,"[""'Comedy'""]",108,2014-11-26,67,1,5,11,3,25,3,34,6.3,42000000,11,['Comedy'],0,0,0,1,0,0,0,0,0,0,0,0,0,0,0,0,0
467,tt2692250,"[""'Adventure'"", "" 'Comedy'"", "" 'Fantasy'"", "" 'Family'""]",97,2014-12-17,89,1,5,10,8,26,5,33,6.2,127000000,12,"['Adventure', 'Comedy', 'Fantasy', 'Family']",0,1,0,1,0,0,1,1,0,0,0,0,0,0,0,0,0
468,tt2975578,"[""'Horror'"", "" 'Thriller'""]",104,2014-07-17,76,1,1,8,7,39,4,29,6.5,9000000,7,"['Horror', 'Thriller']",0,0,0,0,0,0,0,0,0,1,0,0,0,0,1,0,0
469,tt1600196,"[""'Drama'"", "" 'Crime'""]",106,2014-09-12,49,1,1,7,2,4,6,30,7.1,12600000,9,"['Drama', 'Crime']",0,0,0,0,1,1,0,0,0,0,0,0,0,0,0,0,0
470,tt2980648,"[""'Drama'""]",122,2014-08-06,41,1,2,9,13,12,8,23,7.3,22000000,8,['Drama'],0,0,0,0,0,1,0,0,0,0,0,0,0,0,0,0,0
471,tt1924435,"[""'Comedy'""]",104,2014-08-13,170,1,2,5,5,30,3,19,6.4,17000000,8,['Comedy'],0,0,0,1,0,0,0,0,0,0,0,0,0,0,0,0,0
472,tt2305051,"[""'Drama'""]",115,2014-12-05,82,1,2,9,3,16,3,34,7.1,15000000,12,['Drama'],0,0,0,0,0,1,0,0,0,0,0,0,0,0,0,0,0
473,tt1800246,"[""'Comedy'"", "" 'Romance'""]",94,2014-01-29,46,1,1,18,5,3,6,2,6.2,8000000,1,"['Comedy', 'Romance']",0,0,0,1,0,0,0,0,0,0,0,0,1,0,0,0,0
474,tt1267297,"[""'Action'"", "" 'Adventure'""]",99,2014-07-23,71,1,3,8,10,91,7,42,6.0,100000000,7,"['Action', 'Adventure']",1,1,0,0,0,0,0,0,0,0,0,0,0,0,0,0,0
475,tt1205537,"[""'Action'"", "" 'Drama'"", "" 'Thriller'""]",105,2014-01-15,166,1,3,11,11,99,6,46,6.2,60000000,1,"['Action', 'Drama', 'Thriller']",1,0,0,0,0,1,0,0,0,0,0,0,0,0,1,0,0
476,tt2369135,"[""'Action'"", "" 'Crime'"", "" 'Drama'"", "" 'Thriller'""]",130,2014-03-13,89,1,2,9,5,88,3,1,6.5,66000000,3,"['Action', 'Crime', 'Drama', 'Thriller']",1,0,0,0,1,1,0,0,0,0,0,0,0,0,1,0,0
477,tt1020072,"[""'History'"", "" 'Drama'""]",127,2014-12-25,138,1,1,11,4,52,7,30,7.5,20000000,12,"['History', 'Drama']",0,0,0,0,0,1,0,0,1,0,0,0,0,0,0,0,0
478,tt2338151,"[""'Comedy'"", "" 'Drama'""]",153,2014-12-18,31,1,2,4,6,6,2,7,8.2,3565258,12,"['Comedy', 'Drama']",0,0,0,1,0,1,0,0,0,0,0,0,0,0,0,0,0
479,tt1109624,"[""'Comedy'"", "" 'Adventure'"", "" 'Family'""]",96,2014-11-28,71,1,3,11,3,12,9,1,7.2,55000000,11,"['Comedy', 'Adventure', 'Family']",0,1,0,1,0,0,1,0,0,0,0,0,0,0,0,0,0
480,tt2177771,"[""'War'"", "" 'Drama'"", "" 'History'"", "" 'Action'""]",118,2014-01-24,113,1,4,6,8,33,5,26,6.1,70000000,1,"['War', 'Drama', 'History', 'Action']",1,0,0,0,0,1,0,0,1,0,0,0,0,0,0,1,0
481,tt1408253,"[""'Action'"", "" 'Comedy'""]",99,2014-01-07,74,1,4,8,3,74,5,19,6.2,25000000,1,"['Action', 'Comedy']",1,0,0,1,0,0,0,0,0,0,0,0,0,0,0,0,0
482,tt1528100,"[""'Adventure'"", "" 'Drama'"", "" 'Action'""]",150,2014-12-03,77,1,4,15,14,127,4,40,6.0,140000000,12,"['Adventure', 'Drama', 'Action']",1,1,0,0,0,1,0,0,0,0,0,0,0,0,0,0,0
483,tt2172934,"[""'Action'"", "" 'Drama'"", "" 'Thriller'"", "" 'Crime'""]",113,2014-02-14,55,1,2,10,21,72,4,3,6.2,28000000,2,"['Action', 'Drama', 'Thriller', 'Crime']",1,0,0,0,1,1,0,0,0,0,0,0,0,0,1,0,0
484,tt2870612,"[""'Horror'"", "" 'Thriller'""]",93,2014-08-14,16,1,2,8,4,17,3,20,6.2,5000000,8,"['Horror', 'Thriller']",0,0,0,0,0,0,0,0,0,1,0,0,0,0,1,0,0
