,imdb_id,genre,runtime,release_date,num_cast,num_directors,num_writers,num_producers,num_productionmanagers,num_stunts,num_productioncompanies,num_distributers
0,tt6644200,"['Drama', 'Horror', 'Thriller', 'Science Fiction']",91.0,2018-04-03,7,1,3,12,4.0,16.0,2,30
1,tt6155172,['Drama'],135.0,2018-08-25,21,1,1,10,4.0,16.0,2,11
2,tt1477834,"['Action', 'Fantasy', 'Science Fiction', 'Adventure']",143.0,2018-12-07,85,1,6,10,13.0,71.0,6,21
3,tt4881806,"['Action', 'Adventure', 'Science Fiction']",129.0,2018-06-06,104,1,3,7,9.0,114.0,4,48
4,tt1270797,"['Science Fiction', 'Action']",112.0,2018-09-28,123,1,5,9,4.0,121.0,7,27
5,tt2557478,"['Action', 'Fantasy', 'Science Fiction', 'Adventure']",111.0,2018-03-21,82,1,5,14,13.0,90.0,10,35
6,tt1517451,"['Drama', 'Music', 'Romance']",135.0,2018-10-03,127,1,9,15,8.0,66.0,7,16
7,tt4154756,"['Adventure', 'Action', 'Fantasy']",149.0,2018-04-25,103,2,12,14,19.0,182.0,3,44
8,tt5814060,"['Horror', 'Mystery', 'Thriller']",96.0,2018-09-05,51,1,2,9,4.0,33.0,3,18
9,tt7784604,"['Horror', 'Mystery', 'Thriller']",127.0,2018-06-04,32,1,1,13,2.0,8.0,1,25
10,tt5104604,"['Adventure', 'Comedy', 'Animation']",101.0,2018-03-23,49,1,4,13,17.0,2.0,4,1
11,tt3606756,"['Action', 'Adventure', 'Animation', 'Family']",118.0,2018-06-14,24,1,1,3,115.0,36.0,2,26
12,tt9495224,"['Science Fiction', 'Mystery', 'Drama', 'Thriller', 'TV Movie']",90.0,2018-12-28,22,1,1,5,5.0,5.0,2,2
13,tt3846674,"['Comedy', 'Romance']",99.0,2018-08-16,25,1,2,13,4.0,2.0,3,2
14,tt3766354,"['Thriller', 'Action', 'Crime']",122.0,2018-07-19,110,1,3,13,1.0,28.0,7,19
15,tt1502407,"['Thriller', 'Horror']",106.0,2018-10-18,63,1,5,18,2.0,10.0,6,1
16,tt1727824,"['Drama', 'Music']",135.0,2018-10-24,115,1,2,12,6.0,10.0,5,21
17,tt1677720,"['Adventure', 'Science Fiction']",140.0,2018-03-28,160,1,2,11,15.0,67.0,7,26
18,tt2854926,"['Comedy', 'Drama']",100.0,2018-05-30,74,1,3,7,4.0,27.0,2,8
19,tt3778644,"['Action', 'Adventure', 'Science Fiction']",135.0,2018-05-15,93,1,3,16,18.0,112.0,4,39
20,tt5095030,"['Action', 'Adventure', 'Science Fiction', 'Comedy', 'Family']",119.0,2018-07-04,177,1,8,10,8.0,145.0,1,39
21,tt3104988,"['Comedy', 'Drama', 'Romance']",121.0,2018-08-15,66,1,3,14,4.0,5.0,3,12
22,tt1259528,"['Action', 'Thriller', 'Crime']",140.0,2018-01-18,111,1,2,20,4.0,72.0,4,1
23,tt2704998,"['Mystery', 'Comedy', 'Crime', 'Thriller']",101.0,2018-02-22,65,2,1,10,3.0,30.0,6,18
24,tt4633694,"['Action', 'Adventure', 'Animation', 'Science Fiction', 'Comedy']",117.0,2018-12-07,74,3,19,10,275.0,32.0,7,29
25,tt1590193,"['Action', 'Thriller']",104.0,2018-01-11,78,1,3,9,3.0,42.0,8,1
26,tt5052474,"['Action', 'Crime', 'Drama', 'Thriller']",123.0,2018-06-27,106,1,1,11,3.0,55.0,3,49
27,tt7040874,"['Thriller', 'Crime', 'Mystery', 'Comedy', 'Drama']",117.0,2018-08-29,63,1,2,5,5.0,9.0,3,22
28,tt4123430,"['Family', 'Fantasy', 'Adventure']",134.0,2018-11-14,149,1,1,10,6.0,61.0,2,16
29,tt7668870,"['Drama', 'Thriller', 'Mystery']",103.0,2018-08-24,46,1,2,9,1.0,13.0,3,39
30,tt6412452,"['Comedy', 'Drama', 'Western']",132.0,2018-11-09,71,2,4,7,2.0,11.0,3,5
31,tt0261024,"['Music', 'Documentary']",465.0,1985-07-13,161,1,1,3,,,4,2
32,tt1213641,"['History', 'Drama']",141.0,2018-10-11,158,1,2,10,7.0,21.0,7,23
33,tt2873282,"['Mystery', 'Thriller']",140.0,2018-02-28,79,1,2,10,6.0,37.0,5,20
34,tt4912910,"['Action', 'Thriller', 'Adventure']",148.0,2018-07-13,96,1,2,10,23.0,140.0,8,47
35,tt2231461,"['Action', 'Adventure', 'Science Fiction', 'Fantasy']",107.0,2018-04-12,118,1,4,16,15.0,144.0,6,28
36,tt4500922,"['Action', 'Mystery', 'Science Fiction', 'Thriller', 'Adventure', 'Fantasy']",144.0,2018-01-10,41,1,2,13,11.0,48.0,3,20
37,tt5463162,"['Action', 'Comedy', 'Adventure']",121.0,2018-05-15,69,1,5,10,8.0,111.0,6,21
38,tt4779682,"['Action', 'Science Fiction', 'Thriller', 'Horror']",113.0,2018-08-09,39,1,4,18,5.0,100.0,5,19
39,tt6499752,"['Action', 'Thriller', 'Science Fiction', 'Horror']",100.0,2018-06-01,34,1,1,13,1.0,23.0,2,7
40,tt6628394,"['Thriller', 'Crime', 'Mystery', 'Drama']",142.0,2018-10-04,39,1,1,5,2.0,39.0,3,17
41,tt2737304,"['Thriller', 'Drama', 'Science Fiction', 'Horror']",124.0,2018-12-13,42,1,2,11,3.0,70.0,3,2
42,tt5164432,"['Comedy', 'Drama', 'Romance']",110.0,2018-02-16,105,1,3,7,4.0,47.0,4,20
43,tt2798920,"['Mystery', 'Science Fiction', 'Thriller', 'Horror', 'Adventure']",115.0,2018-02-22,28,1,2,9,2.0,15.0,4,6
44,tt5164214,"['Crime', 'Comedy', 'Action', 'Thriller']",111.0,2018-06-07,237,1,4,9,5.0,55.0,4,23
45,tt2548396,"['Mystery', 'Thriller', 'Horror', 'Science Fiction']",102.0,2018-02-04,20,1,2,10,5.0,17.0,2,1
46,tt3829266,"['Science Fiction', 'Action', 'Thriller', 'Adventure', 'Horror']",107.0,2018-09-05,64,1,4,5,4.0,82.0,5,20
47,tt5758778,['Action'],102.0,2018-07-11,64,1,1,10,13.0,74.0,4,45
48,tt1825683,"['Action', 'Adventure', 'Fantasy', 'Science Fiction']",134.0,2018-02-13,135,1,4,9,15.0,173.0,6,41
49,tt1365519,"['Action', 'Adventure', 'Fantasy']",118.0,2018-03-05,62,1,5,5,9.0,71.0,4,43
50,tt7349662,"['Crime', 'Drama']",135.0,2018-07-30,53,1,5,13,5.0,7.0,6,28
51,tt1413492,"['War', 'Drama', 'History']",130.0,2018-01-16,76,1,3,18,3.0,31.0,5,1
52,tt5688932,"['Fantasy', 'Science Fiction', 'Comedy']",105.0,2018-07-06,85,1,1,16,2.0,11.0,5,8
53,tt5246700,"['Science Fiction', 'Thriller', 'Mystery']",113.0,2018-07-13,44,1,1,13,4.0,6.0,2,3
54,tt5610554,"['Comedy', 'Drama']",96.0,2018-05-04,34,1,1,20,6.0,28.0,4,1
55,tt5220122,"['Family', 'Fantasy', 'Comedy', 'Animation']",97.0,2018-06-28,48,1,2,4,89.0,,1,21
56,tt2990140,"['Comedy', 'Adventure', 'Family', 'Fantasy']",104.0,2018-11-22,57,1,2,14,9.0,28.0,4,1
57,tt5848272,"['Family', 'Animation', 'Comedy', 'Fantasy']",112.0,2018-11-20,81,2,6,5,96.0,58.0,2,18
58,tt7153766,"['Horror', 'Thriller']",99.0,2018-02-21,34,1,2,7,3.0,5.0,3,12
59,tt7668842,['Comedy'],,2018-01-19,57,1,3,2,5.0,,1,1
60,tt6911608,"['Comedy', 'Romance']",113.0,2018-07-09,242,1,5,17,7.0,15.0,8,16
61,tt6212478,"['Drama', 'Crime']",117.0,2018-06-01,85,1,1,23,5.0,10.0,3,2
62,tt5397194,"['Science Fiction', 'Thriller']",100.0,2018-05-03,53,1,1,14,4.0,6.0,3,2
63,tt0795421,"['Comedy', 'Romance']",108.0,2008-07-02,76,1,1,7,9.0,21.0,5,24
64,tt7014006,"['Comedy', 'Drama']",94.0,2018-01-19,42,1,1,6,3.0,6.0,1,4
65,tt6343314,"['Drama', 'Action']",130.0,2018-11-21,254,1,5,11,4.0,20.0,4,37
66,tt6133466,"['Action', 'Science Fiction', 'Thriller', 'Horror']",97.0,2018-07-04,101,1,1,10,3.0,48.0,3,19
67,tt6306064,"['Thriller', 'Romance', 'Adventure']",96.0,2018-05-31,12,1,5,17,25.0,2.0,4,19
68,tt1620680,"['Adventure', 'Science Fiction', 'Family', 'Fantasy']",109.0,2018-03-08,55,1,3,4,11.0,26.0,3,15
69,tt5083738,"['Drama', 'History', 'Comedy']",120.0,2018-11-20,59,1,2,13,10.0,25.0,4,9
70,tt6772950,"['Thriller', 'Horror']",100.0,2018-04-12,37,1,4,11,3.0,14.0,1,15
71,tt6663582,"['Action', 'Comedy']",117.0,2018-08-02,56,1,2,16,16.0,39.0,5,18
72,tt4575576,"['Adventure', 'Comedy', 'Family', 'Fantasy']",104.0,2018-08-02,80,1,7,5,4.0,24.0,2,10
73,tt6679794,"['Drama', 'Action', 'History']",122.0,2018-11-09,93,1,5,8,4.0,58.0,3,5
74,tt5117670,"['Animation', 'Adventure', 'Family']",93.0,2018-02-07,61,1,3,15,4.0,22.0,9,26
75,tt6921996,"['Adventure', 'Family', 'Action', 'Comedy']",89.0,2018-09-13,85,1,1,7,4.0,52.0,4,17
76,tt6697582,"['Adventure', 'Comedy', 'Science Fiction']",125.0,2018-01-05,78,1,1,4,15.0,7.0,2,8
77,tt3201640,"['Science Fiction', 'Thriller', 'Drama', 'Action']",96.0,2018-07-15,30,1,3,13,2.0,44.0,3,1
78,tt6452574,"['Drama', 'Comedy']",161.0,2018-06-29,36,1,2,9,5.0,3.0,2,2
79,tt4701182,"['Action', 'Adventure', 'Science Fiction']",114.0,2018-12-15,105,1,1,12,6.0,56.0,8,18
80,tt5834262,"['Thriller', 'Science Fiction', 'Action']",94.0,2018-06-07,49,1,1,13,2.0,30.0,3,1
81,tt6850820,"['Action', 'Thriller', 'Drama']",102.0,2018-09-06,69,1,1,15,4.0,37.0,3,18
82,tt7431594,"['Thriller', 'Action']",160.0,2018-06-15,50,1,2,13,1.0,5.0,4,3
83,tt2388771,"['Adventure', 'Drama']",105.0,2018-11-25,38,1,2,5,6.0,20.0,3,14
84,tt6217306,"['Thriller', 'Mystery', 'Fantasy', 'Horror']",130.0,2018-09-21,38,1,1,7,2.0,21.0,3,1
85,tt8108198,"['Thriller', 'Comedy', 'Crime']",139.0,2018-10-05,17,1,6,9,8.0,22.0,2,2
86,tt6966692,"['Drama', 'Comedy']",130.0,2018-11-16,100,1,3,11,6.0,14.0,5,29
87,tt3892172,['Drama'],110.0,2018-06-29,38,1,3,13,2.0,4.0,4,21
88,tt4560436,"['Action', 'Thriller', 'Adventure', 'Crime']",95.0,2018-08-16,67,1,2,24,9.0,50.0,5,22
89,tt2531344,['Comedy'],102.0,2018-03-14,77,1,2,18,3.0,31.0,4,16
90,tt5726086,"['Mystery', 'Horror', 'Thriller']",118.0,2018-01-03,35,1,1,14,4.0,14.0,4,25
91,tt5304992,"['Romance', 'Comedy']",105.0,2018-06-12,57,1,1,5,4.0,4.0,1,2
92,tt1137450,"['Action', 'Crime', 'Drama', 'Thriller']",107.0,2018-03-02,75,1,3,5,7.0,44.0,2,27
93,tt6998518,"['Action', 'Thriller', 'Horror']",122.0,2018-09-13,20,1,3,16,3.0,19.0,6,1
94,tt3799232,"['Romance', 'Comedy']",105.0,2018-05-11,37,1,2,7,5.0,2.0,1,3
95,tt5783956,"['Comedy', 'Romance', 'Fantasy']",97.0,2018-02-09,30,1,1,16,1.0,7.0,4,1
96,tt4218572,"['Crime', 'Drama', 'Thriller']",128.0,2018-11-06,130,1,3,10,3.0,29.0,5,12
97,tt6791096,['Comedy'],111.0,2018-04-19,106,2,2,17,2.0,3.0,3,20
98,tt5028340,"['Fantasy', 'Family', 'Comedy']",131.0,2018-12-19,127,1,4,8,7.0,52.0,3,18
99,tt2119543,"['Horror', 'Fantasy', 'Thriller', 'Family', 'Mystery']",106.0,2018-09-15,35,1,2,8,8.0,19.0,4,1
100,tt4244998,"['Adventure', 'Drama']",97.0,2018-08-17,17,1,2,11,2.0,27.0,1,34
101,tt4477536,"['Drama', 'Romance']",105.0,2018-01-17,68,1,2,4,8.0,19.0,2,22
102,tt3890160,"['Action', 'Crime']",112.0,2017-06-28,85,1,1,10,4.0,114.0,4,31
103,tt1648190,"['Action', 'Fantasy', 'Science Fiction', 'Western', 'Horror']",95.0,2017-08-03,64,1,5,8,8.0,71.0,6,43
104,tt3501632,"['Action', 'Adventure', 'Comedy', 'Fantasy', 'Science Fiction']",130.0,2017-10-25,117,1,9,8,15.0,102.0,3,38
105,tt5519340,"['Action', 'Crime', 'Fantasy']",117.0,2017-12-22,96,1,1,10,4.0,104.0,3,5
106,tt5580036,['Drama'],121.0,2017-12-08,97,1,1,14,3.0,12.0,2,1
107,tt5052448,"['Mystery', 'Thriller', 'Horror']",104.0,2017-02-24,43,1,1,13,4.0,18.0,6,28
108,tt0974015,"['Action', 'Adventure', 'Fantasy', 'Science Fiction']",120.0,2017-11-15,185,1,10,20,15.0,190.0,7,24
109,tt3402236,"['Crime', 'Drama', 'Mystery']",114.0,2017-11-03,103,1,2,14,7.0,45.0,7,24
110,tt2380307,"['Animation', 'Family', 'Comedy', 'Adventure', 'Fantasy']",105.0,2017-10-27,23,2,4,3,111.0,123.0,2,25
111,tt1856101,"['Science Fiction', 'Thriller']",163.0,2017-10-04,38,1,3,16,19.0,65.0,8,1
112,tt4425200,"['Thriller', 'Action', 'Crime']",122.0,2017-02-08,86,1,1,13,14.0,113.0,5,1
113,tt1485796,['Drama'],105.0,2017-12-20,151,1,2,8,6.0,62.0,3,21
114,tt3521126,"['Comedy', 'Drama']",104.0,2017-03-12,123,1,4,22,6.0,1.0,6,19
115,tt5439796,"['Action', 'Comedy', 'Crime', 'Drama']",119.0,2017-08-17,164,1,1,9,4.0,25.0,2,1
116,tt5726616,"['Romance', 'Drama']",132.0,2017-09-01,13,1,2,20,5.0,4.0,7,4
117,tt1396484,"['Horror', 'Thriller']",135.0,2017-09-06,49,1,4,13,3.0,42.0,5,27
118,tt2316204,"['Horror', 'Science Fiction', 'Thriller']",122.0,2017-05-09,26,1,6,8,6.0,45.0,4,21
119,tt4649466,"['Action', 'Adventure']",141.0,2017-09-20,133,1,4,11,6.0,118.0,4,25
120,tt4925292,"['Comedy', 'Drama']",94.0,2017-09-08,72,1,1,6,8.0,10.0,4,2
121,tt2543472,"['Drama', 'Family']",113.0,2017-11-13,70,1,4,12,8.0,10.0,4,27
122,tt2250912,"['Action', 'Adventure', 'Science Fiction', 'Drama']",133.0,2017-07-05,137,1,10,12,8.0,154.0,3,42
123,tt2239822,"['Adventure', 'Science Fiction', 'Action']",136.0,2017-07-20,117,1,3,8,17.0,33.0,11,39
124,tt5580390,"['Drama', 'Fantasy', 'Romance']",123.0,2017-12-01,49,1,2,6,2.0,24.0,4,22
125,tt1469304,"['Action', 'Comedy']",116.0,2017-05-12,149,1,9,18,6.0,63.0,9,36
126,tt3450958,"['Drama', 'Science Fiction', 'War']",140.0,2017-07-11,50,1,5,8,8.0,97.0,3,22
127,tt6294822,"['Drama', 'History']",116.0,2017-12-22,179,1,2,11,8.0,42.0,5,44
128,tt4555426,"['Drama', 'History']",125.0,2017-11-22,110,1,1,9,3.0,9.0,2,25
129,tt3371366,"['Action', 'Science Fiction', 'Thriller', 'Adventure']",149.0,2017-06-16,174,1,4,14,14.0,156.0,6,37
130,tt5109784,"['Drama', 'Horror', 'Mystery']",121.0,2017-09-13,72,1,1,7,10.0,34.0,2,42
131,tt2771200,"['Family', 'Fantasy', 'Romance']",129.0,2017-03-16,162,1,5,10,7.0,24.0,2,45
132,tt1790809,"['Adventure', 'Action', 'Fantasy', 'Comedy']",129.0,2017-05-23,156,2,5,7,13.0,163.0,3,27
133,tt0451279,"['Action', 'Adventure', 'Fantasy', 'War']",141.0,2017-05-30,162,1,5,13,24.0,182.0,7,29
134,tt5013056,"['Action', 'Drama', 'History', 'Thriller', 'War']",107.0,2017-07-19,77,1,1,7,11.0,103.0,7,26
135,tt1959563,"['Action', 'Comedy']",118.0,2017-08-16,126,1,1,31,8.0,163.0,9,1
136,tt2283362,"['Action', 'Adventure', 'Comedy', 'Fantasy']",119.0,2017-12-09,79,1,8,10,8.0,64.0,5,27
137,tt4116284,"['Action', 'Animation', 'Comedy', 'Family', 'Fantasy']",104.0,2017-02-08,51,1,14,20,1.0,,14,28
138,tt5027774,"['Crime', 'Drama']",115.0,2017-11-10,42,1,1,9,3.0,10.0,3,26
139,tt5362988,"['Crime', 'Drama', 'Mystery', 'Thriller']",107.0,2017-08-03,35,1,1,28,3.0,23.0,11,2
140,tt2406566,"['Action', 'Mystery', 'Thriller']",115.0,2017-07-26,26,1,3,20,6.0,41.0,7,1
141,tt3315342,"['Action', 'Drama', 'Science Fiction']",137.0,2017-02-28,110,1,9,9,5.0,128.0,6,26
142,tt2345759,"['Fantasy', 'Thriller', 'Action', 'Adventure', 'Horror']",110.0,2017-06-06,79,1,6,8,6.0,146.0,6,22
143,tt1219827,"['Action', 'Science Fiction', 'Thriller', 'Drama']",107.0,2017-03-29,59,1,4,12,15.0,80.0,10,49
144,tt5462602,"['Comedy', 'Drama', 'Romance']",120.0,2017-06-23,47,1,2,8,3.0,4.0,3,2
145,tt2527336,"['Fantasy', 'Adventure', 'Science Fiction', 'Action']",152.0,2017-12-13,118,1,2,16,22.0,62.0,7,48
146,tt3532216,"['Thriller', 'Action']",115.0,2017-08-17,151,1,1,32,9.0,36.0,6,1
147,tt4630562,"['Adventure', 'Action', 'Crime', 'Thriller', 'Mystery']",136.0,2017-04-12,182,1,2,10,11.0,195.0,6,31
148,tt1972591,"['Action', 'Drama', 'Fantasy']",126.0,2017-05-10,180,1,4,11,12.0,86.0,7,22
149,tt3896198,"['Action', 'Adventure', 'Comedy', 'Science Fiction']",137.0,2017-04-19,83,1,13,9,6.0,67.0,2,23
150,tt5442430,"['Horror', 'Science Fiction', 'Thriller', 'Drama']",103.0,2017-03-22,17,1,2,8,2.0,28.0,3,22
151,tt3731562,"['Action', 'Adventure', 'Fantasy']",118.0,2017-03-08,92,1,6,10,18.0,79.0,3,28
152,tt2568862,"['Crime', 'Comedy', 'Drama']",96.0,2017-04-06,107,1,2,9,5.0,29.0,6,18
153,tt2226597,"['Romance', 'Adventure', 'Drama']",109.0,2017-10-05,21,1,3,8,9.0,33.0,2,19
154,tt4633690,"['Crime', 'Drama', 'Thriller']",121.0,2017-07-13,83,1,1,10,3.0,21.0,4,20
155,tt5140878,"['Horror', 'Mystery', 'Thriller']",109.0,2017-08-03,28,1,1,8,1.0,10.0,4,21
156,tt4877122,"['Animation', 'Family', 'Comedy']",86.0,2017-07-23,62,1,4,4,128.0,25.0,3,43
157,tt3874544,"['Animation', 'Comedy', 'Family']",97.0,2017-03-23,24,1,2,3,4.0,,2,28
158,tt3606752,"['Adventure', 'Animation', 'Comedy', 'Family']",109.0,2017-06-15,44,1,8,3,100.0,70.0,2,37
159,tt1758810,"['Drama', 'Crime', 'Thriller', 'Horror']",119.0,2017-10-12,54,1,4,12,12.0,62.0,4,20
160,tt3922818,"['Romance', 'Adventure', 'Science Fiction', 'Drama']",121.0,2017-01-26,92,1,3,23,6.0,29.0,3,22
161,tt5308322,"['Horror', 'Mystery', 'Thriller']",96.0,2017-10-12,35,1,1,9,3.0,15.0,4,20
162,tt5592248,"['Drama', 'Western']",93.0,2017-06-23,12,1,4,6,4.0,2.0,2,23
163,tt3717490,"['Action', 'Adventure', 'Science Fiction']",124.0,2017-03-23,60,1,9,14,5.0,59.0,5,38
164,tt1961175,"['Action', 'Thriller']",112.0,2017-09-14,96,1,5,11,13.0,81.0,5,33
165,tt5657846,['Comedy'],100.0,2017-11-09,158,1,3,9,3.0,25.0,2,45
166,tt5638642,['Horror'],94.0,2017-10-11,16,1,2,9,4.0,4.0,2,7
167,tt5649144,['Drama'],111.0,2017-10-06,46,1,2,11,4.0,14.0,4,1
168,tt4849438,"['Action', 'Fantasy', 'Drama']",168.0,2017-04-27,21,1,7,4,12.0,4.0,1,15
169,tt5478478,"['Drama', 'Western', 'History']",134.0,2017-12-22,54,1,2,17,3.0,20.0,2,15
170,tt1293847,"['Action', 'Adventure', 'Crime']",107.0,2017-01-13,107,1,2,11,10.0,193.0,7,23
171,tt5657856,"['Action', 'Crime', 'Thriller']",132.0,2017-09-23,53,1,1,9,1.0,18.0,7,2
172,tt1536537,"['Science Fiction', 'Thriller', 'Drama']",123.0,2017-08-18,42,1,2,15,4.0,23.0,7,16
173,tt1981128,"['Action', 'Science Fiction', 'Thriller']",109.0,2017-10-13,170,1,2,9,13.0,83.0,6,26
174,tt3469046,"['Action', 'Animation', 'Comedy', 'Family', 'Adventure']",96.0,2017-06-15,38,3,2,5,1.0,,2,22
175,tt1389072,"['Comedy', 'Drama', 'Science Fiction']",135.0,2017-12-22,172,1,2,11,10.0,8.0,3,37
176,tt4225622,"['Horror', 'Comedy']",85.0,2017-10-13,22,1,1,10,3.0,19.0,3,2
177,tt4209788,"['Crime', 'Drama']",140.0,2017-12-21,102,1,2,16,7.0,24.0,5,1
178,tt4481414,"['Drama', 'Family', 'Comedy']",101.0,2017-04-12,78,1,1,8,3.0,14.0,4,1
179,tt5776858,"['Drama', 'Romance']",131.0,2017-12-25,82,1,1,8,9.0,22.0,4,40
180,tt4846232,"['Crime', 'Drama', 'Thriller']",101.0,2017-08-11,87,2,2,8,2.0,3.0,2,20
181,tt4622512,"['Comedy', 'Drama', 'History']",121.0,2017-09-05,137,2,1,6,2.0,4.0,4,17
182,tt3829920,['Drama'],133.0,2017-09-22,93,1,3,12,5.0,20.0,3,44
183,tt3967856,"['Adventure', 'Drama', 'Science Fiction', 'Action']",122.0,2017-06-28,118,1,2,17,5.0,52.0,3,2
184,tt5294550,"['Thriller', 'Drama', 'Crime', 'Mystery']",132.0,2017-12-21,80,1,2,10,12.0,34.0,6,37
185,tt5715874,"['Drama', 'Thriller', 'Mystery']",122.0,2017-10-20,69,1,2,16,3.0,24.0,3,18
186,tt3748172,"['Drama', 'Horror', 'Thriller']",104.0,2017-09-19,38,1,3,7,1.0,6.0,1,1
187,tt4287320,"['Drama', 'Thriller', 'Science Fiction']",110.0,2017-04-27,75,1,2,14,4.0,10.0,6,1
188,tt4765284,"['Comedy', 'Music']",93.0,2017-12-20,163,1,3,8,2.0,47.0,4,19
189,tt5988370,[],108.0,2017-03-02,7,1,1,1,,,1,10
190,tt4995790,['Drama'],151.0,2017-08-25,56,1,1,12,11.0,4.0,14,23
191,tt4465564,"['Drama', 'Romance']",118.0,2017-02-08,53,1,2,4,4.0,32.0,6,19
192,tt4468740,"['Adventure', 'Comedy', 'Family']",104.0,2017-11-09,124,1,4,11,4.0,17.0,7,37
193,tt1615160,"['Action', 'Thriller', 'Drama']",113.0,2017-09-28,97,1,2,32,3.0,41.0,8,30
194,tt1241317,"['Fantasy', 'Horror', 'Mystery', 'Thriller']",101.0,2017-08-25,72,1,5,14,4.0,74.0,2,6
195,tt2763304,"['Crime', 'Drama']",117.0,2017-01-27,70,1,2,8,13.0,46.0,7,30
196,tt4695012,"['Horror', 'Thriller', 'Mystery', 'Drama']",91.0,2017-06-09,10,1,1,8,6.0,21.0,2,16
197,tt1753383,"['Comedy', 'Drama', 'Family', 'Fantasy']",100.0,2017-01-19,60,1,5,7,8.0,16.0,6,59
198,tt6265828,"['Drama', 'Fantasy', 'Romance']",93.0,2017-07-07,71,1,1,5,2.0,2.0,3,28
199,tt4686844,"['Comedy', 'History']",107.0,2017-10-20,108,1,6,13,2.0,13.0,11,1
200,tt3348730,"['Crime', 'Horror', 'Mystery', 'Thriller']",92.0,2017-10-26,32,2,2,11,2.0,16.0,4,23
201,tt5742374,"['Drama', 'Thriller', 'Crime']",89.0,2017-11-08,40,1,2,14,4.0,29.0,3,1
202,tt2582782,"['Crime', 'Drama', 'Thriller', 'Western']",102.0,2016-08-12,64,1,1,15,4.0,28.0,4,25
203,tt4160708,"['Crime', 'Horror', 'Thriller']",89.0,2016-08-25,19,1,2,14,5.0,11.0,6,3
204,tt2660888,"['Action', 'Adventure', 'Science Fiction']",122.0,2016-07-07,84,1,6,11,9.0,79.0,7,42
205,tt2094766,"['Action', 'Adventure', 'Science Fiction']",115.0,2016-12-21,81,1,6,16,6.0,88.0,11,29
206,tt4196776,"['Action', 'Thriller']",123.0,2016-07-27,229,1,3,17,16.0,174.0,6,40
207,tt1935859,"['Drama', 'Fantasy', 'Adventure', 'Family']",127.0,2016-09-28,102,1,2,6,15.0,69.0,8,25
208,tt3062096,"['Mystery', 'Thriller', 'Drama']",121.0,2016-10-13,59,1,2,10,19.0,69.0,4,43
209,tt1355644,"['Drama', 'Romance', 'Science Fiction']",116.0,2016-12-21,45,1,1,12,2.0,16.0,7,33
210,tt1289401,"['Action', 'Fantasy', 'Comedy']",116.0,2016-07-14,210,1,5,12,9.0,93.0,7,41
211,tt3040964,"['Adventure', 'Drama', 'Family', 'Fantasy', 'Animation']",106.0,2016-04-07,28,1,2,7,20.0,21.0,4,27
212,tt2119532,"['Drama', 'History', 'War']",140.0,2016-10-07,112,1,2,35,4.0,70.0,5,2
213,tt4846340,"['Drama', 'History']",127.0,2016-12-10,126,1,3,12,3.0,12.0,4,20
214,tt3110958,"['Action', 'Comedy', 'Thriller']",129.0,2016-06-02,145,1,4,13,7.0,73.0,3,56
215,tt1431045,"['Action', 'Adventure', 'Comedy']",108.0,2016-02-09,55,1,2,10,5.0,90.0,5,34
216,tt2543164,"['Thriller', 'Drama', 'Science Fiction', 'Mystery']",116.0,2016-11-10,74,1,2,14,5.0,5.0,4,1
217,tt3748528,"['Action', 'Adventure', 'Science Fiction']",133.0,2016-12-14,155,1,5,11,13.0,122.0,5,43
218,tt1179933,"['Thriller', 'Science Fiction', 'Drama']",104.0,2016-03-10,9,1,3,8,4.0,43.0,3,36
219,tt3521164,"['Adventure', 'Comedy', 'Family', 'Animation']",107.0,2016-11-23,13,4,8,3,169.0,,3,30
220,tt3553976,"['Adventure', 'Comedy', 'Drama']",119.0,2016-07-02,51,1,1,9,4.0,12.0,2,1
221,tt1386697,"['Action', 'Adventure', 'Crime', 'Fantasy', 'Science Fiction']",124.0,2016-08-03,126,1,2,10,13.0,194.0,5,30
222,tt3300542,"['Action', 'Crime', 'Thriller']",99.0,2016-03-02,93,1,5,20,9.0,157.0,4,1
223,tt2948356,"['Animation', 'Adventure', 'Family', 'Comedy']",109.0,2016-02-11,75,3,7,4,127.0,171.0,2,42
224,tt4776998,"['History', 'Romance', 'Drama']",130.0,2016-12-02,115,1,2,15,18.0,54.0,3,18
225,tt2005151,"['Comedy', 'Crime', 'Drama']",114.0,2016-08-17,117,1,4,12,9.0,56.0,4,15
226,tt0918940,"['Action', 'Adventure']",109.0,2016-06-29,169,1,3,12,15.0,103.0,9,25
227,tt1700841,"['Adventure', 'Animation', 'Comedy', 'Fantasy']",89.0,2016-07-11,33,2,5,14,2.0,41.0,3,1
228,tt2975590,"['Action', 'Adventure', 'Fantasy']",151.0,2016-03-23,354,1,7,16,16.0,122.0,6,34
229,tt3498820,"['Adventure', 'Action', 'Science Fiction']",147.0,2016-04-27,192,2,6,14,16.0,204.0,6,40
230,tt4550098,"['Drama', 'Thriller']",116.0,2016-11-04,67,1,2,5,3.0,10.0,4,3
231,tt1628841,"['Action', 'Adventure', 'Science Fiction']",120.0,2016-06-22,186,1,6,11,8.0,73.0,6,28
232,tt3263904,"['Drama', 'History']",96.0,2016-09-07,120,1,3,9,4.0,50.0,8,27
233,tt4972582,"['Horror', 'Thriller']",117.0,2017-01-19,65,1,1,8,4.0,7.0,5,27
234,tt3799694,"['Action', 'Comedy', 'Crime', 'Mystery']",116.0,2016-05-15,115,1,2,11,3.0,49.0,6,1
235,tt2140479,"['Crime', 'Thriller', 'Drama']",128.0,2016-10-14,101,1,1,6,4.0,57.0,5,25
236,tt3065204,"['Horror', 'Mystery', 'Thriller']",134.0,2016-05-13,55,1,4,8,5.0,21.0,5,21
237,tt2674426,"['Drama', 'Romance']",110.0,2016-06-02,51,1,1,7,10.0,5.0,3,20
238,tt3741834,['Drama'],118.0,2016-11-24,43,1,2,14,15.0,7.0,5,1
239,tt2404435,"['Adventure', 'Action', 'Western']",132.0,2016-09-14,115,1,5,7,8.0,95.0,8,47
240,tt1860357,"['Drama', 'Action']",107.0,2016-09-29,125,1,5,15,8.0,46.0,6,32
241,tt4975722,['Drama'],111.0,2016-10-21,26,1,2,10,2.0,23.0,3,26
242,tt3783958,"['Comedy', 'Drama', 'Romance']",129.0,2016-11-29,213,1,1,16,9.0,35.0,6,55
243,tt0803096,"['Action', 'Adventure', 'Fantasy']",123.0,2016-05-25,54,1,2,17,15.0,49.0,10,28
244,tt1489889,"['Action', 'Comedy', 'Mystery']",107.0,2016-06-15,160,1,3,13,1.0,66.0,6,24
245,tt1211837,"['Action', 'Adventure', 'Fantasy', 'Science Fiction']",115.0,2016-10-25,75,1,5,7,16.0,137.0,2,45
246,tt3183660,"['Adventure', 'Family', 'Fantasy']",133.0,2016-11-16,189,1,1,8,8.0,88.0,2,25
247,tt2277860,"['Adventure', 'Animation', 'Comedy', 'Family']",97.0,2016-06-16,66,2,4,3,117.0,94.0,2,31
248,tt3631112,"['Crime', 'Drama', 'Mystery', 'Romance', 'Thriller']",112.0,2016-10-05,57,1,2,7,6.0,9.0,4,65
249,tt3385516,"['Action', 'Adventure', 'Science Fiction', 'Fantasy']",144.0,2016-05-18,109,1,6,11,9.0,137.0,6,29
250,tt4034228,['Drama'],138.0,2016-11-18,74,1,1,11,3.0,12.0,8,1
251,tt2709768,"['Adventure', 'Comedy', 'Animation', 'Family']",87.0,2016-06-18,31,2,3,4,2.0,,4,30
252,tt4276820,"['Drama', 'History']",115.0,2016-09-13,73,1,1,15,3.0,2.0,5,1
253,tt2267968,"['Action', 'Adventure', 'Animation', 'Comedy', 'Family']",95.0,2016-01-23,59,2,2,8,96.0,,3,29
254,tt4682786,"['Drama', 'Romance']",97.0,2016-12-06,61,1,1,15,2.0,24.0,6,20
255,tt5074352,"['Drama', 'Action']",161.0,2016-12-21,24,1,5,9,10.0,5.0,3,7
256,tt5022702,"['Horror', 'Thriller']",82.0,2016-03-12,5,1,2,8,3.0,13.0,2,3
257,tt2241351,"['Thriller', 'Drama']",98.0,2016-05-12,153,1,3,13,3.0,16.0,4,24
258,tt2567026,"['Adventure', 'Family', 'Fantasy']",113.0,2016-05-25,104,1,2,6,12.0,37.0,6,26
259,tt3410834,"['Adventure', 'Science Fiction', 'Action', 'Mystery']",121.0,2016-03-09,224,1,4,14,3.0,121.0,3,43
260,tt4302938,"['Animation', 'Adventure', 'Family']",102.0,2016-08-18,22,1,3,3,52.0,106.0,2,23
261,tt5813916,"['Drama', 'War']",135.0,2016-11-04,15,1,1,15,1.0,7.0,3,1
262,tt2381991,"['Action', 'Adventure', 'Drama']",114.0,2016-04-06,71,1,3,4,5.0,61.0,3,21
263,tt3691740,"['Adventure', 'Family', 'Fantasy']",120.0,2016-06-01,49,1,2,10,7.0,78.0,6,1
264,tt1974419,"['Thriller', 'Horror', 'Mystery']",118.0,2016-06-08,57,1,3,20,1.0,5.0,6,2
265,tt3640424,"['Action', 'Drama', 'War', 'Romance', 'Thriller']",124.0,2016-11-17,94,1,1,9,7.0,18.0,4,33
266,tt4857264,"['Mystery', 'Crime', 'Thriller']",106.0,2016-09-22,26,1,1,9,8.0,24.0,10,2
267,tt2304933,"['Adventure', 'Science Fiction']",112.0,2016-01-14,116,1,4,8,2.0,58.0,4,25
268,tt3544112,"['Comedy', 'Romance', 'Drama', 'Music']",106.0,2016-03-11,26,1,2,15,11.0,3.0,6,2
269,tt4172430,"['Action', 'Drama', 'History', 'Thriller', 'War']",144.0,2016-01-13,84,1,2,9,8.0,46.0,5,35
270,tt2034800,"['Action', 'Adventure', 'Fantasy']",103.0,2016-12-16,19,1,6,12,12.0,106.0,8,36
271,tt4786282,"['Thriller', 'Mystery', 'Horror']",81.0,2016-07-21,15,1,2,16,4.0,14.0,4,16
272,tt1292566,"['Comedy', 'Romance']",110.0,2016-01-21,96,1,4,12,8.0,39.0,5,18
273,tt2592614,"['Action', 'Horror', 'Science Fiction']",107.0,2016-12-23,84,1,1,10,7.0,64.0,4,1
274,tt4438848,['Comedy'],91.0,2016-05-04,98,1,5,15,4.0,15.0,4,22
275,tt4698684,"['Adventure', 'Comedy', 'Drama']",101.0,2016-03-31,25,1,3,10,9.0,54.0,3,1
276,tt2823054,['Comedy'],98.0,2016-07-07,90,1,2,7,3.0,22.0,3,20
277,tt4572514,"['Crime', 'Drama', 'Thriller']",133.0,2016-12-12,289,1,5,20,2.0,58.0,5,49
278,tt3531824,"['Mystery', 'Adventure', 'Crime']",96.0,2016-07-27,96,2,2,9,3.0,20.0,4,21
279,tt3949660,"['Action', 'Adventure', 'Comedy', 'Family', 'Science Fiction']",112.0,2016-06-01,128,1,4,15,20.0,118.0,7,24
280,tt1985949,"['Animation', 'Adventure', 'Comedy']",97.0,2016-05-11,48,2,4,6,1.0,,2,29
281,tt0475290,"['Comedy', 'Drama', 'Mystery']",106.0,2016-02-05,236,2,2,6,5.0,37.0,5,1
282,tt2404233,"['Action', 'Adventure', 'Fantasy', 'Science Fiction']",127.0,2016-02-25,58,1,2,9,8.0,76.0,5,39
283,tt4501244,['Comedy'],111.0,2016-12-22,58,1,3,8,3.0,18.0,5,24
284,tt5700672,"['Action', 'Horror', 'Thriller']",118.0,2016-07-20,53,1,2,3,1.0,,2,1
285,tt2671706,['Drama'],139.0,2016-12-16,35,1,1,17,3.0,6.0,5,23
286,tt4016934,"['Thriller', 'Drama', 'Romance']",145.0,2016-06-01,35,1,3,8,3.0,2.0,2,1
287,tt3289956,"['Horror', 'Mystery']",86.0,2016-12-21,11,1,2,10,3.0,17.0,3,1
288,tt3381008,"['Action', 'Comedy']",83.0,2016-02-24,154,1,3,18,9.0,78.0,7,20
289,tt3470600,"['Animation', 'Comedy', 'Drama', 'Family', 'Music']",108.0,2016-11-23,61,2,1,5,57.0,,4,23
290,tt3393786,"['Action', 'Adventure', 'Crime']",118.0,2016-10-19,155,1,4,8,4.0,64.0,6,32
291,tt4651520,['Comedy'],100.0,2016-07-28,115,2,2,10,6.0,23.0,4,28
292,tt1860213,['Comedy'],102.0,2016-01-21,97,1,1,9,4.0,47.0,6,28
293,tt3774114,"['Drama', 'History', 'Crime', 'Thriller']",134.0,2016-09-15,97,1,4,24,4.0,8.0,3,3
294,tt4034354,"['Comedy', 'Drama', 'Romance', 'Fantasy', 'Adventure']",97.0,2016-06-24,11,2,2,10,2.0,21.0,3,17
295,tt3416532,"['Drama', 'Fantasy']",108.0,2016-10-07,21,1,2,12,11.0,7.0,5,37
296,tt4052882,"['Horror', 'Drama', 'Thriller']",86.0,2016-06-24,12,1,1,4,4.0,23.0,3,22
297,tt4094724,"['Action', 'Horror', 'Thriller']",105.0,2016-06-29,145,1,1,9,4.0,42.0,6,34
298,tt0490215,"['Drama', 'History']",161.0,2016-12-22,66,1,3,41,9.0,6.0,12,1
299,tt5311514,"['Romance', 'Animation', 'Drama']",106.0,2016-08-26,70,1,2,13,9.0,76.0,8,1
300,tt1878870,"['Comedy', 'Drama']",104.0,2016-11-18,31,1,1,16,6.0,3.0,4,1
301,tt4731136,"['Horror', 'Mystery', 'Science Fiction', 'Thriller']",146.0,2017-02-15,68,1,2,10,3.0,20.0,5,19
302,tt2488496,"['Action', 'Adventure', 'Science Fiction', 'Fantasy']",136.0,2015-12-15,181,1,4,14,15.0,71.0,4,57
303,tt2381249,"['Action', 'Adventure', 'Thriller']",131.0,2015-07-23,202,1,3,12,13.0,81.0,9,60
304,tt1502712,"['Action', 'Adventure', 'Science Fiction']",100.0,2015-08-05,129,1,5,8,3.0,77.0,8,31
305,tt3569230,"['Crime', 'Thriller']",131.0,2015-09-09,136,1,2,16,3.0,46.0,3,20
306,tt4046784,"['Action', 'Science Fiction', 'Thriller']",132.0,2015-09-09,75,1,2,9,4.0,48.0,3,24
307,tt3659388,"['Drama', 'Adventure', 'Science Fiction']",141.0,2015-09-30,63,1,2,9,14.0,37.0,7,29
308,tt1638355,"['Comedy', 'Action', 'Adventure']",116.0,2015-08-13,94,1,5,10,12.0,68.0,4,34
309,tt4178092,"['Thriller', 'Mystery', 'Drama']",108.0,2015-07-30,23,1,1,11,2.0,15.0,3,27
310,tt3464902,"['Thriller', 'Comedy', 'Drama', 'Romance', 'Science Fiction']",118.0,2015-07-10,43,1,2,18,11.0,7.0,21,2
311,tt1964418,"['Adventure', 'Family', 'Mystery', 'Science Fiction']",130.0,2015-05-19,106,1,3,11,13.0,54.0,3,29
312,tt0810819,['Drama'],120.0,2015-11-27,70,1,2,14,6.0,2.0,12,1
313,tt0478970,"['Science Fiction', 'Action', 'Adventure']",117.0,2015-07-14,166,1,7,10,7.0,140.0,3,32
314,tt3170832,"['Drama', 'Thriller']",117.0,2015-10-16,27,1,1,12,2.0,3.0,7,2
315,tt1355683,"['Drama', 'Crime']",122.0,2015-09-04,197,1,4,19,3.0,22.0,5,1
316,tt2719848,"['Adventure', 'Drama']",121.0,2015-09-10,65,1,2,19,13.0,21.0,5,48
317,tt2120120,"['Action', 'Comedy', 'Science Fiction']",105.0,2015-07-16,144,1,3,19,11.0,103.0,7,37
318,tt1596363,"['Comedy', 'Drama']",131.0,2015-12-11,198,1,3,7,3.0,8.0,3,28
319,tt2080374,"['Drama', 'History']",122.0,2015-10-09,225,1,2,10,4.0,67.0,8,23
320,tt2820852,"['Action', 'Crime', 'Thriller', 'Drama']",137.0,2015-04-01,159,1,2,10,10.0,205.0,10,63
321,tt2096673,"['Drama', 'Comedy', 'Animation', 'Family']",95.0,2015-06-09,66,2,8,4,270.0,,2,35
322,tt3079380,"['Action', 'Comedy', 'Crime']",120.0,2015-05-06,63,1,1,10,14.0,61.0,3,34
323,tt1823672,"['Crime', 'Action', 'Science Fiction']",120.0,2015-03-04,46,1,2,6,6.0,30.0,9,33
324,tt3152624,"['Comedy', 'Romance']",125.0,2015-07-17,90,1,1,8,4.0,8.0,4,26
325,tt3460252,"['Crime', 'Drama', 'Mystery', 'Western']",188.0,2015-12-25,18,1,1,8,5.0,27.0,3,1
326,tt2554274,"['Drama', 'Fantasy', 'Horror', 'Mystery', 'Romance', 'Thriller']",119.0,2015-10-13,55,1,2,5,5.0,14.0,2,23
327,tt2848292,"['Comedy', 'Music']",115.0,2015-05-07,205,1,2,9,2.0,13.0,3,1
328,tt1398426,"['Drama', 'Music']",147.0,2015-08-13,277,1,4,17,3.0,114.0,8,21
329,tt1663202,"['Western', 'Drama', 'Adventure', 'Thriller']",157.0,2015-12-25,74,1,3,19,13.0,110.0,10,31
330,tt0369610,"['Action', 'Adventure', 'Science Fiction', 'Thriller']",124.0,2015-06-06,229,1,5,6,6.0,105.0,6,46
331,tt1661199,"['Romance', 'Fantasy', 'Family', 'Drama']",105.0,2015-03-12,80,1,2,5,7.0,31.0,4,21
332,tt2361509,['Comedy'],121.0,2015-09-24,121,1,1,8,4.0,19.0,1,1
333,tt1895587,"['Drama', 'Thriller', 'History']",129.0,2015-11-06,150,1,2,16,4.0,9.0,4,1
334,tt2395427,"['Action', 'Adventure', 'Science Fiction']",141.0,2015-04-22,143,1,5,16,32.0,247.0,2,30
335,tt2379713,"['Action', 'Adventure', 'Crime']",148.0,2015-10-26,183,1,5,12,27.0,164.0,6,45
336,tt2381941,"['Romance', 'Comedy', 'Crime', 'Drama']",105.0,2015-02-25,143,2,2,5,12.0,7.0,3,37
337,tt1340138,"['Science Fiction', 'Action', 'Thriller', 'Adventure']",126.0,2015-06-23,125,1,4,9,8.0,112.0,2,1
338,tt1617661,"['Science Fiction', 'Fantasy', 'Action', 'Adventure']",124.0,2015-02-04,90,2,2,7,14.0,94.0,4,39
339,tt2322441,"['Drama', 'Romance', 'Thriller']",125.0,2015-02-11,43,1,2,5,7.0,5.0,3,46
340,tt1392190,"['Action', 'Adventure', 'Science Fiction', 'Thriller']",121.0,2015-05-13,78,1,3,11,11.0,155.0,4,44
341,tt1951266,"['Action', 'Adventure', 'Science Fiction']",137.0,2015-11-18,179,1,3,15,14.0,203.0,3,36
342,tt1655441,"['Fantasy', 'Drama', 'Romance']",112.0,2015-04-16,49,1,2,13,2.0,7.0,2,26
343,tt1798684,"['Action', 'Drama']",123.0,2015-06-15,159,1,1,21,10.0,11.0,4,25
344,tt2126355,"['Action', 'Drama', 'Thriller']",114.0,2015-05-27,245,1,3,9,11.0,102.0,4,34
345,tt3076658,['Drama'],133.0,2015-11-25,260,1,3,8,7.0,20.0,4,30
346,tt3397884,"['Action', 'Crime', 'Drama', 'Mystery', 'Thriller']",122.0,2015-09-17,101,1,1,10,4.0,45.0,3,42
347,tt2637276,['Comedy'],115.0,2015-06-25,325,1,3,11,5.0,63.0,5,27
348,tt4263482,"['Mystery', 'Horror']",92.0,2016-02-19,35,1,1,23,5.0,7.0,9,1
349,tt3682448,"['Thriller', 'Drama']",141.0,2015-10-15,172,1,3,10,12.0,36.0,8,30
350,tt2293640,"['Family', 'Animation', 'Adventure', 'Comedy']",91.0,2015-06-17,53,2,1,5,2.0,,2,34
351,tt2908446,"['Action', 'Adventure', 'Science Fiction', 'Thriller']",119.0,2015-03-18,197,1,4,14,8.0,111.0,4,35
352,tt1172049,"['Comedy', 'Drama']",101.0,2016-04-06,47,1,1,17,5.0,19.0,4,2
353,tt2510894,"['Animation', 'Comedy', 'Family', 'Fantasy']",89.0,2015-09-21,86,1,3,7,1.0,3.0,7,31
354,tt2224026,"['Fantasy', 'Comedy', 'Animation', 'Science Fiction', 'Family']",94.0,2015-03-18,11,1,3,3,244.0,12.0,1,33
355,tt3622592,"['Drama', 'Mystery', 'Romance']",109.0,2015-06-18,64,1,3,8,4.0,43.0,2,19
356,tt3316948,"['Comedy', 'Action']",96.0,2015-08-19,80,1,1,18,2.0,35.0,6,3
357,tt2503944,"['Drama', 'Comedy']",100.0,2015-10-02,73,1,2,15,11.0,10.0,3,1
358,tt2140379,"['Science Fiction', 'Mystery', 'Thriller']",116.0,2015-07-10,77,1,2,9,6.0,43.0,2,1
359,tt2631186,"['Action', 'Fantasy', 'Drama']",158.0,2015-07-10,25,1,6,6,6.0,11.0,1,20
360,tt3322364,['Drama'],123.0,2015-11-12,150,1,2,11,2.0,3.0,5,20
361,tt3567288,"['Horror', 'Thriller', 'Mystery']",94.0,2015-09-10,28,1,1,5,5.0,28.0,2,21
362,tt2402927,"['Romance', 'Drama']",118.0,2015-11-20,81,1,2,13,3.0,41.0,11,1
363,tt2494362,"['Horror', 'Western', 'Adventure', 'Drama', 'Thriller']",132.0,2015-10-23,34,1,1,14,3.0,39.0,6,3
364,tt1365050,"['Drama', 'War']",137.0,2015-09-11,64,1,2,26,4.0,1.0,7,5
365,tt0884732,['Comedy'],101.0,2015-01-16,98,1,2,10,3.0,35.0,4,23
366,tt1528854,['Comedy'],96.0,2015-12-25,134,1,3,11,4.0,30.0,3,38
367,tt3332064,"['Adventure', 'Family', 'Fantasy']",111.0,2015-09-24,75,1,2,5,11.0,111.0,5,28
368,tt3072482,"['Action', 'Adventure', 'Science Fiction']",97.0,2015-09-12,96,1,2,28,23.0,11.0,3,29
369,tt1390411,"['Thriller', 'Drama', 'Adventure', 'Action', 'History']",122.0,2015-11-20,70,1,4,12,11.0,36.0,10,33
370,tt2400463,['Thriller'],100.0,2015-08-05,16,1,2,17,2.0,5.0,4,2
371,tt2057392,"['Drama', 'Thriller', 'War']",102.0,2015-09-11,75,1,1,12,2.0,28.0,2,1
372,tt2401878,"['Animation', 'Comedy', 'Drama', 'Romance']",90.0,2015-12-30,3,2,1,16,11.0,14.0,5,1
373,tt4062536,"['Horror', 'Crime', 'Thriller']",95.0,2016-04-15,31,1,1,8,4.0,10.0,2,2
374,tt3195644,"['Drama', 'Horror', 'Thriller']",97.0,2015-06-04,36,1,1,14,4.0,13.0,6,1
375,tt2381111,"['Drama', 'Romance']",111.0,2015-10-20,49,1,2,18,5.0,1.0,21,1
376,tt1014763,"['Crime', 'Thriller']",137.0,2015-03-15,76,1,3,13,4.0,43.0,4,2
377,tt3850214,"['Crime', 'Drama', 'Comedy']",103.0,2015-06-19,46,1,1,11,1.0,9.0,4,1
378,tt3605418,"['Drama', 'Thriller']",99.0,2015-06-26,10,1,5,12,3.0,1.0,6,1
379,tt1618442,"['Fantasy', 'Action', 'Adventure', 'Science Fiction']",106.0,2015-10-21,142,1,3,14,6.0,32.0,7,26
380,tt3488710,"['Adventure', 'Drama', 'Thriller']",123.0,2015-09-30,81,1,3,6,2.0,8.0,4,25
381,tt2436386,"['Science Fiction', 'Thriller']",106.0,2015-01-28,67,1,2,7,28.0,8.0,4,21
382,tt2726560,"['Drama', 'Romance']",128.0,2015-04-09,190,1,2,10,3.0,13.0,3,22
383,tt3203606,['Drama'],124.0,2015-10-27,135,1,2,11,4.0,3.0,3,2
384,tt1850457,['Comedy'],118.0,2015-12-18,115,1,1,9,4.0,24.0,1,15
385,tt2199571,"['Action', 'Crime', 'Drama', 'Mystery', 'Thriller']",114.0,2015-03-11,112,1,1,7,4.0,63.0,4,36
386,tt3863552,"['Action', 'Comedy', 'Drama']",163.0,2015-07-17,124,1,5,9,4.0,2.0,5,1
387,tt2446980,"['Drama', 'Comedy']",124.0,2015-12-24,158,1,2,14,6.0,7.0,5,28
388,tt1083452,"['Comedy', 'Drama', 'History', 'Adventure']",106.0,2016-02-26,54,1,2,15,13.0,45.0,4,21
389,tt3045616,"['Comedy', 'Adventure']",106.0,2015-01-21,82,1,2,9,6.0,88.0,4,27
390,tt3168230,"['Drama', 'Mystery']",103.0,2015-06-19,63,1,3,17,7.0,1.0,7,1
391,tt1666801,"['Romance', 'Comedy']",100.0,2015-02-20,70,1,2,7,2.0,2.0,3,1
392,tt1524930,['Comedy'],99.0,2015-07-28,101,2,3,9,4.0,43.0,3,21
393,tt2679042,"['Action', 'Crime', 'Thriller']",96.0,2015-08-20,55,1,4,14,6.0,64.0,11,29
394,tt3312830,"['Comedy', 'Drama']",118.0,2015-05-20,95,1,1,16,5.0,3.0,21,2
395,tt1674771,['Comedy'],104.0,2015-06-03,168,1,2,11,9.0,42.0,6,23
396,tt1051904,"['Adventure', 'Horror', 'Comedy']",103.0,2015-08-05,87,1,4,8,2.0,43.0,10,30
397,tt1781922,"['Action', 'Thriller']",103.0,2015-08-26,46,1,2,10,4.0,85.0,3,1
398,tt3530002,['Comedy'],101.0,2015-11-20,90,1,4,13,7.0,45.0,4,14
399,tt2582496,"['Comedy', 'Drama']",105.0,2015-06-12,58,1,1,7,3.0,25.0,1,14
400,tt1979388,"['Adventure', 'Animation', 'Family']",93.0,2015-11-14,27,1,7,5,1.0,72.0,2,28
401,tt2561572,['Comedy'],100.0,2015-03-26,154,1,4,8,4.0,42.0,2,21
402,tt1959490,"['Drama', 'Adventure']",138.0,2014-03-07,127,1,2,9,10.0,104.0,5,26
403,tt2557490,"['Comedy', 'Western']",116.0,2014-05-22,154,1,3,11,4.0,47.0,4,29
404,tt2084970,"['History', 'Drama', 'Thriller', 'War']",113.0,2014-11-14,79,1,2,5,5.0,6.0,4,2
405,tt2562232,"['Drama', 'Comedy']",120.0,2014-08-27,120,1,5,12,10.0,38.0,6,29
406,tt1291150,"['Science Fiction', 'Action', 'Adventure', 'Fantasy', 'Comedy']",101.0,2014-08-07,134,1,5,14,7.0,145.0,6,33
407,tt0831387,"['Action', 'Drama', 'Science Fiction']",123.0,2014-05-14,174,1,7,13,16.0,183.0,5,44
408,tt2872718,"['Crime', 'Drama', 'Thriller']",118.0,2014-10-23,54,1,1,10,6.0,45.0,3,1
409,tt2321549,"['Drama', 'Thriller', 'Horror']",93.0,2014-05-22,36,1,1,8,5.0,4.0,5,2
410,tt2582846,"['Romance', 'Drama']",125.0,2014-05-16,92,1,3,5,5.0,1.0,3,29
411,tt2278388,"['Comedy', 'Drama']",99.0,2014-02-26,102,1,3,11,4.0,7.0,6,30
412,tt0816692,"['Adventure', 'Drama', 'Science Fiction']",169.0,2014-11-05,44,1,2,20,22.0,26.0,7,40
413,tt2980516,"['Drama', 'Romance']",123.0,2014-11-26,110,1,2,9,6.0,5.0,3,24
414,tt1490017,"['Adventure', 'Animation', 'Comedy', 'Family', 'Fantasy']",100.0,2014-02-06,35,2,9,18,43.0,18.0,13,51
415,tt1872194,['Drama'],141.0,2014-10-08,154,1,3,9,5.0,11.0,4,38
416,tt2024469,"['Action', 'Thriller', 'Mystery']",106.0,2014-02-26,83,1,3,12,3.0,34.0,7,51
417,tt0829150,"['Horror', 'Action', 'Drama', 'Fantasy', 'War']",92.0,2014-10-01,106,1,3,5,8.0,74.0,5,35
418,tt2004420,['Comedy'],96.0,2014-05-08,95,1,2,9,4.0,14.0,2,32
419,tt2310332,"['Action', 'Adventure', 'Fantasy']",144.0,2014-12-10,136,1,5,9,6.0,131.0,4,55
420,tt0470752,"['Drama', 'Science Fiction']",108.0,2015-01-21,15,1,1,9,3.0,3.0,4,36
421,tt3235888,"['Horror', 'Thriller']",101.0,2014-11-13,28,1,1,14,3.0,25.0,3,1
422,tt1587310,"['Fantasy', 'Adventure', 'Action', 'Family', 'Romance']",97.0,2014-05-28,83,1,9,11,12.0,82.0,2,32
423,tt2788710,"['Action', 'Comedy']",112.0,2014-12-25,83,2,3,10,2.0,38.0,3,25
424,tt2397535,"['Science Fiction', 'Thriller']",97.0,2014-08-28,67,2,3,8,5.0,21.0,5,1
425,tt2883512,['Comedy'],114.0,2014-05-08,83,1,1,25,7.0,13.0,2,2
426,tt1253863,"['Action', 'War', 'Drama']",102.0,2014-03-05,75,1,3,13,9.0,110.0,6,44
427,tt2267998,"['Mystery', 'Thriller', 'Drama']",149.0,2014-10-01,111,1,1,7,4.0,2.0,5,44
428,tt2103281,"['Science Fiction', 'Action', 'Drama', 'Thriller']",130.0,2014-06-26,96,1,4,8,10.0,120.0,4,44
429,tt1951265,"['Science Fiction', 'Adventure', 'Thriller']",123.0,2014-11-18,124,1,3,8,12.0,152.0,2,41
430,tt1646971,"['Fantasy', 'Action', 'Adventure', 'Animation', 'Comedy', 'Family']",102.0,2014-06-09,19,1,2,10,1.0,81.0,2,37
431,tt1840309,"['Action', 'Adventure', 'Science Fiction']",139.0,2014-03-14,181,1,3,7,10.0,92.0,2,32
432,tt2872732,"['Action', 'Science Fiction']",89.0,2014-07-25,65,1,1,2,25.0,83.0,8,1
433,tt2911666,"['Action', 'Thriller']",101.0,2014-10-22,77,2,1,19,5.0,72.0,8,2
434,tt2582802,['Drama'],107.0,2014-10-10,54,1,1,14,4.0,5.0,4,2
435,tt2109248,"['Science Fiction', 'Action', 'Adventure']",165.0,2014-06-25,137,1,1,19,16.0,144.0,10,51
436,tt1877832,"['Action', 'Adventure', 'Fantasy', 'Science Fiction']",131.0,2014-05-15,108,1,5,11,13.0,133.0,7,43
437,tt2179136,"['War', 'Action']",133.0,2014-12-11,148,1,4,14,12.0,34.0,6,42
438,tt2015381,"['Action', 'Science Fiction', 'Adventure']",121.0,2014-07-30,127,1,11,10,15.0,105.0,3,37
439,tt1843866,"['Action', 'Adventure', 'Science Fiction']",136.0,2014-03-20,239,2,7,9,7.0,148.0,3,48
440,tt0455944,"['Thriller', 'Action', 'Crime']",132.0,2014-09-24,129,1,3,13,3.0,29.0,7,38
441,tt2209764,"['Thriller', 'Science Fiction', 'Drama', 'Mystery']",119.0,2014-04-16,90,1,1,16,4.0,71.0,4,50
442,tt2446042,"['Thriller', 'Action']",109.0,2014-12-16,92,1,2,3,9.0,87.0,10,1
443,tt1631867,"['Action', 'Science Fiction']",113.0,2014-05-27,93,1,4,15,17.0,61.0,8,41
444,tt1872181,"['Action', 'Adventure', 'Fantasy']",142.0,2014-04-16,215,1,6,8,11.0,93.0,4,33
445,tt2245084,"['Adventure', 'Family', 'Animation', 'Action', 'Comedy']",102.0,2014-10-24,47,2,6,4,2.0,13.0,3,32
446,tt2713180,"['War', 'Drama', 'Action']",135.0,2014-10-15,132,1,1,11,4.0,47.0,6,1
447,tt1234721,"['Action', 'Science Fiction']",102.0,2014-01-30,102,1,3,6,6.0,190.0,4,45
448,tt1790864,"['Action', 'Mystery', 'Science Fiction', 'Thriller']",113.0,2014-09-10,53,1,4,7,2.0,27.0,6,33
449,tt2802144,"['Crime', 'Comedy', 'Action', 'Adventure']",129.0,2015-01-24,130,1,4,9,1.0,139.0,4,36
450,tt2294449,"['Crime', 'Comedy', 'Action']",112.0,2014-06-05,133,2,6,11,5.0,101.0,10,30
451,tt1065073,['Drama'],164.0,2014-06-05,100,1,1,9,9.0,5.0,2,1
452,tt1418377,"['Horror', 'Thriller']",92.0,2014-01-22,44,1,3,14,11.0,57.0,4,1
453,tt3011894,"['Drama', 'Thriller', 'Comedy']",125.0,2014-08-21,69,1,2,8,5.0,15.0,6,1
454,tt2096672,['Comedy'],110.0,2014-11-12,151,2,6,14,7.0,51.0,5,49
455,tt0458481,"['Crime', 'Thriller']",102.0,2014-08-20,86,2,1,33,3.0,32.0,5,1
456,tt1126590,['Drama'],105.0,2014-12-24,104,1,2,11,10.0,9.0,4,33
457,tt1956620,['Comedy'],97.0,2014-07-17,112,1,3,9,2.0,8.0,5,29
458,tt2333784,"['Action', 'Adventure', 'Thriller']",127.0,2014-08-04,39,1,4,18,9.0,100.0,6,34
459,tt2265171,"['Action', 'Crime', 'Thriller']",150.0,2014-03-27,72,1,1,8,8.0,,2,1
460,tt2357291,"['Adventure', 'Comedy', 'Family', 'Music', 'Animation']",102.0,2014-03-19,73,1,6,3,133.0,41.0,3,30
461,tt3316960,['Drama'],101.0,2014-12-05,32,2,3,17,3.0,11.0,6,2
462,tt2170593,['Comedy'],102.0,2014-10-09,71,1,1,15,5.0,1.0,4,22
463,tt1809398,"['Drama', 'War']",137.0,2014-12-25,122,1,5,11,7.0,42.0,3,20
464,tt3416742,"['Comedy', 'Horror']",86.0,2014-06-19,60,2,2,6,17.0,1.0,5,24
465,tt2980592,"['Mystery', 'Thriller', 'Action']",99.0,2014-09-17,36,1,1,6,4.0,16.0,2,16
466,tt0365907,"['Crime', 'Drama', 'Mystery', 'Thriller']",113.0,2014-09-18,71,1,2,19,2.0,23.0,8,48
467,tt1100089,"['Drama', 'Thriller']",134.0,2014-05-19,163,1,2,14,7.0,5.0,3,1
468,tt1972571,['Thriller'],121.0,2014-07-25,31,1,3,14,5.0,19.0,8,2
469,tt1921064,"['Action', 'Adventure', 'History', 'Romance', 'Drama']",105.0,2014-02-18,47,1,3,9,4.0,160.0,5,1
470,tt1121096,"['Adventure', 'Fantasy']",102.0,2014-12-12,46,1,4,10,6.0,68.0,7,23
471,tt2884206,"['Science Fiction', 'Drama']",106.0,2014-07-18,33,1,1,19,3.0,26.0,4,1
472,tt2180411,"['Fantasy', 'Comedy']",125.0,2014-12-25,47,1,1,6,13.0,89.0,5,22
473,tt3322940,['Horror'],99.0,2014-10-02,26,1,1,10,2.0,12.0,5,34
474,tt1605717,"['Comedy', 'Drama', 'Mystery']",95.0,2014-05-02,55,1,2,9,3.0,11.0,4,1
475,tt2203939,"['Comedy', 'Romance']",109.0,2014-04-16,89,1,1,5,4.0,11.0,2,26
476,tt1355630,['Drama'],106.0,2014-08-21,50,1,2,7,3.0,6.0,3,27
477,tt0435651,"['Drama', 'Science Fiction']",94.0,2014-08-11,26,1,3,14,7.0,30.0,6,33
478,tt1791528,"['Comedy', 'Romance', 'Crime', 'Drama', 'Mystery']",148.0,2014-12-25,109,1,2,8,3.0,13.0,4,30
479,tt1638002,"['Comedy', 'Romance']",102.0,2014-10-16,54,1,2,10,4.0,8.0,2,1
480,tt1086772,['Comedy'],117.0,2014-05-21,89,1,2,14,6.0,12.0,4,31
481,tt3007512,"['War', 'Drama']",112.0,2014-12-25,82,1,2,12,8.0,35.0,5,22
482,tt2170439,['Comedy'],108.0,2014-11-26,67,1,5,11,3.0,25.0,3,34
483,tt2692250,"['Adventure', 'Comedy', 'Fantasy', 'Family']",97.0,2014-12-17,89,1,5,10,8.0,26.0,5,33
484,tt2975578,"['Horror', 'Thriller']",104.0,2014-07-17,76,1,1,8,7.0,39.0,4,29
485,tt1600196,"['Drama', 'Crime']",106.0,2014-09-12,49,1,1,7,2.0,4.0,6,30
486,tt1911658,"['Family', 'Animation', 'Adventure', 'Comedy']",92.0,2014-11-22,49,2,5,11,1.0,,2,29
487,tt2980648,['Drama'],122.0,2014-08-06,41,1,2,9,13.0,12.0,8,23
488,tt1924435,['Comedy'],104.0,2014-08-13,170,1,2,5,5.0,30.0,3,19
489,tt2305051,['Drama'],115.0,2014-12-05,82,1,2,9,3.0,16.0,3,34
490,tt1800246,"['Comedy', 'Romance']",94.0,2014-01-29,46,1,1,18,5.0,3.0,6,2
491,tt1267297,"['Action', 'Adventure']",99.0,2014-07-23,71,1,3,8,10.0,91.0,7,42
492,tt1205537,"['Action', 'Drama', 'Thriller']",105.0,2014-01-15,166,1,3,11,11.0,99.0,6,46
493,tt2369135,"['Action', 'Crime', 'Drama', 'Thriller']",130.0,2014-03-13,89,1,2,9,5.0,88.0,3,1
494,tt1020072,"['History', 'Drama']",127.0,2014-12-25,138,1,1,11,4.0,52.0,7,30
495,tt2338151,"['Comedy', 'Drama']",153.0,2014-12-18,31,1,2,4,6.0,6.0,2,7
496,tt1109624,"['Comedy', 'Adventure', 'Family']",96.0,2014-11-28,71,1,3,11,3.0,12.0,9,1
497,tt2177771,"['War', 'Drama', 'History', 'Action']",118.0,2014-01-24,113,1,4,6,8.0,33.0,5,26
498,tt1408253,"['Action', 'Comedy']",99.0,2014-01-07,74,1,4,8,3.0,74.0,5,19
499,tt1528100,"['Adventure', 'Drama', 'Action']",150.0,2014-12-03,77,1,4,15,14.0,127.0,4,40
500,tt2172934,"['Action', 'Drama', 'Thriller', 'Crime']",113.0,2014-02-14,55,1,2,10,21.0,72.0,4,3
501,tt2870612,"['Horror', 'Thriller']",93.0,2014-08-14,16,1,2,8,4.0,17.0,3,20
